,objectId,jd,fid,pid,diffmaglim,programid,candid,isdiffpos,tblid,nid,rcid,field,xpos,ypos,ra,decl,magpsf,sigmapsf,chipsf,magap,sigmagap,distnr,magnr,sigmagnr,chinr,sharpnr,sky,magdiff,fwhm,classtar,mindtoedge,magfromlim,seeratio,aimage,bimage,aimagerat,bimagerat,elong,nneg,nbad,rb,ssdistnr,ssmagnr,ssnamenr,sumrat,magapbig,sigmagapbig,ranr,decnr,sgmag1,srmag1,simag1,szmag1,sgscore1,distpsnr1,ndethist,ncovhist,jdstarthist,jdendhist,scorr,tooflag,objectidps1,objectidps2,sgmag2,srmag2,simag2,szmag2,sgscore2,distpsnr2,objectidps3,sgmag3,srmag3,simag3,szmag3,sgscore3,distpsnr3,nmtchps,rfid,jdstartref,jdendref,nframesref,rbversion,dsnrms,ssnrms,dsdiff,magzpsci,magzpsciunc,magzpscirms,nmatches,clrcoeff,clrcounc,zpclrcov,zpmed,clrmed,clrrms,neargaia,neargaiabright,maggaia,maggaiabright,exptime,obsdate,mjd,magcorrZTF,magOO,phaseangle,heliodist,geodist,velocity,magcorrOO
293751,ZTF18abvfsmg,2458372.9671528,1,618467154115,20.9023,1,618467154115015080,t,80,618,41,702,1508.93,2714.76,69.805144,41.5782931,18.8193,0.0802349,4.35889,18.8391,0.0611,8.432160000000001,18.81,0.023,0.643,-0.045,-0.0763814,0.019769,2.12,0.983,365.74199999999996,2.0632099999999998,1.17828,0.737,0.715,0.347641,0.337264,1.03077,1,0,0.74,0.0,19.0,86257,1.0,18.7809,0.0738,69.8050796,41.5806659,-999.0,-999.0,21.6146,21.5001,0.115914,6.14971,1,90,2458372.9671528,2458372.9671528,35.545738220214794,0,157890698058572691,157890698050417470,18.7728,17.7482,17.2676,17.0225,0.99875,8.54495,157890698097083022,-999.0,18.5724,17.9976,17.8206,0.828458,13.6255,12,702120141,2458168.650498,2458352.893762,15,t8_f5_c3,34.354,54.1722,-19.8182,26.3363,3.0071e-06,0.020458,2089.0,-0.048193,5.3563e-06,-3.9e-06,26.302,0.705,0.175999,8.53881,79.9243,17.585,12.3281,,2018-09-11T11:12:42.002,58372.466724559206,-0.18070000000000164,19.349471724757304,29.482606120642362,2.038837017079277,1.6930078042800156,0.27785911634629745,-0.5301717247573059
308570,ZTF18abvlkzr,2458373.9347106004,1,619434714115,20.7285,1,619434714115015040,t,40,619,41,702,578.599,2369.57,70.1509131,41.6732638,19.8601,0.175973,2.30979,19.9889,0.1791,7.476039999999999,20.275,0.04,0.782,-0.052000000000000005,-0.189685,0.128822,2.5,0.941,578.599,0.739585,1.1175700000000002,0.779,0.741,0.3116,0.2964,1.05128,2,0,0.68,0.0,19.0,86257,0.999616,19.9441,0.2201,70.1513392,41.6753475,20.1238,19.1889,18.7027,18.4394,0.997917,7.504410000000001,1,91,2458373.9347106004,2458373.9347106004,13.2529144287109,0,158010701513081105,158000701494665515,20.0317,19.1103,18.6674,18.4212,0.95225,9.89737,158000701522564679,-999.0,21.2355,20.576999999999998,20.2092,0.912333,12.4492,14,702120141,2458168.650498,2458352.893762,15,t8_f5_c3,9.322560000000001,16.9635,-7.64093,26.3221,3.0657e-06,0.021304,2084.0,-0.05645599999999999,5.4523e-06,-3.97e-06,26.281999999999996,0.705,0.17661400000000002,7.50294,-999.0,19.0321,-999.0,,2018-09-12T10:25:58.996,58373.434282359674,0.8600999999999992,19.333964494283503,29.454292362630323,2.0381937467222095,1.6821226888136378,0.2742072283513238,0.5261355057164963
347024,ZTF18abwbpwb,2458375.9746644,1,621474664015,21.0722,1,621474664015015036,t,36,621,40,702,1761.71,1708.08,70.8611874,41.8697875,19.9096,0.139974,1.28362,19.9594,0.1501,6.32423,21.671,0.09300000000000001,0.512,-0.071,0.642858,0.049782,1.87,0.993,1310.79,1.11283,1.26925,0.711,0.618,0.380214,0.33048099999999997,1.15049,3,0,0.633333,0.0,18.9,86257,0.9945879999999999,19.9618,0.1918,70.8600281,41.8682324,21.656999999999996,20.494,19.8594,19.5714,0.9404170000000001,6.44815,1,93,2458375.9746644,2458375.9746644,15.652076721191401,0,158240708600122541,158240708641303122,-999.0,21.719,20.3405,19.642,0.8556040000000001,8.412989999999999,158240708642941794,20.0816,19.3171,18.9334,18.7452,0.959625,11.612,16,702120140,2458168.650498,2458351.967431,15,t8_f5_c3,17.9997,25.9827,-7.983039999999999,26.3706,2.2872e-06,0.022303,2143.0,-0.071729,4.1188e-06,-2.97e-06,26.320999999999998,0.6990000000000001,0.188686,6.44883,22.2841,20.4056,13.502,,2018-09-14T11:23:31.004,58375.47423615912,1.0096000000000025,19.300562116466516,29.380554219629374,2.036823427621335,1.6591826533442555,0.26256254259005524,0.6090378835334853
365610,ZTF18abwkmcw,2458376.9678935003,1,622467894015,20.9297,1,622467894015015013,t,13,622,40,702,869.539,1385.7,71.1983578,41.9634251,18.8437,0.0890682,8.40047,18.8179,0.0584,6.93847,20.208,0.04,0.943,0.098,0.38769899999999996,-0.025800999999999998,2.31,0.9990000000000001,869.539,2.1118,1.09226,0.8009999999999999,0.7490000000000001,0.34675300000000003,0.32424200000000003,1.0694299999999999,0,0,0.81,0.0,18.9,86257,1.0,18.8565,0.0762,71.1958025,41.9638727,20.2205,19.9574,19.9349,19.9668,0.993607,7.06999,1,94,2458376.9678935003,2458376.9678935003,33.973274230956996,0,158350711956987175,158350711994418992,20.8404,19.7533,19.1933,18.9362,0.981667,7.30704,158350712027025631,20.1945,19.5771,-999.0,-999.0,0.5,11.9215,18,702120140,2458168.650498,2458351.967431,15,t8_f5_c3,29.7286,53.6644,-23.9358,26.3667,1.7749000000000002e-06,0.02028,2152.0,-0.068762,3.1986e-06,-2.31e-06,26.319000000000003,0.6990000000000001,0.188204,7.05962,30.525,20.0599,13.0546,,2018-09-15T11:13:45.998,58376.46746525961,-0.05630000000000024,19.283971642139278,29.338072853301153,2.036149361047552,1.6480285944173898,0.2576149674631836,-0.4402716421392796
417251,ZTF18abxbhwg,2458378.9893056,1,624489303715,20.823,1,624489303715015016,t,16,624,37,702,2609.59,726.422,71.8653979,42.1502219,18.7722,0.10092000000000001,7.66069,18.8609,0.0648,3.63605,22.773000000000003,0.32299999999999995,0.509,-0.36700000000000005,0.378888,0.08870800000000001,2.39,0.9990000000000001,462.915,1.96215,1.09275,0.778,0.748,0.325523,0.312971,1.04011,3,0,0.736667,0.0,18.9,86257,0.9893280000000001,18.8061,0.0781,71.86635809999999,42.1494881,20.0405,19.1448,18.6218,18.3531,0.982,3.99833,1,96,2458378.9893056,2458378.9893056,33.239147186279304,0,158580718640940193,158580718635012839,21.9538,22.0457,-999.0,-999.0,0.5,7.68987,158580718625912117,19.0108,17.6803,16.814,16.3603,1.0,8.18213,25,702120137,2458168.650498,2458349.944178,15,t8_f5_c3,24.8429,49.9973,-25.1544,26.2752,1.6985e-06,0.020521,2013.0,-0.073877,3.1454000000000004e-06,-2.23e-06,26.225,0.674,0.18899999999999997,4.00451,-999.0,18.9924,-999.0,,2018-09-17T11:44:36.004,58378.48887735933,-0.12779999999999703,19.2495141640559,29.23734255636906,2.0347636993521196,1.6253609806131033,0.24627153814133199,-0.47731416405589755
435731,ZTF18abxikqk,2458379.9734722,1,625473473715,20.8746,1,625473473715015017,t,17,625,37,702,1777.67,403.381,72.1809361,42.2392144,19.7048,0.15851300000000001,2.0437,19.8713,0.1556,2.01987,20.275,0.053,1.1640000000000001,-0.154,0.627747,0.166459,2.37,0.978,403.381,1.0033299999999998,1.08241,0.7559999999999999,0.6759999999999999,0.31898699999999997,0.28523200000000004,1.11834,6,0,0.58,0.0,18.9,86257,0.9825719999999999,20.0678,0.2378,72.1810283,42.2397773,20.2861,19.2434,18.7132,18.4266,0.960149,1.80778,1,97,2458379.9734722,2458379.9734722,16.1180801391602,0,158680721809648332,158680721790787792,-999.0,-999.0,21.5206,20.8447,0.651101,5.0225599999999995,158680721809749790,21.5432,20.4372,19.7019,19.2808,0.918042,6.11331,21,702120137,2458168.650498,2458349.944178,15,t8_f5_c3,13.8661,23.7129,-9.84685,26.2698,1.5449e-06,0.019379,2005.0,-0.070409,2.8757e-06,-2.04e-06,26.221999999999998,0.674,0.18714,1.8085799999999999,34.4197,19.1213,11.7903,,2018-09-18T11:21:47.998,58379.47304395912,0.8048000000000002,19.232411047046153,29.18151187668521,2.034082397729126,1.6143466215935247,0.24132849342332893,0.4723889529538461
500406,ZTF18abyjyeg,2458383.9880903,1,629488095515,20.9082,1,629488095515015047,t,47,629,55,702,1727.88,2745.29,73.3994279,42.5893335,19.3584,0.11461099999999999,1.16331,19.3013,0.0914,9.33038,15.993,0.019,0.9279999999999999,-0.061,0.41712,-0.057057000000000004,2.51,0.958,335.207,1.6069200000000001,1.02693,0.8859999999999999,0.865,0.352988,0.344622,1.0242799999999999,2,0,0.703333,0.0,18.8,86257,1.0,19.0429,0.0996,73.3976925,42.5916266,15.9906,15.3099,14.9503,14.7777,0.992083,9.32736,1,103,2458383.9880903,2458383.9880903,20.8539199829102,0,159110733976750544,159100734031836515,-999.0,20.1676,19.6023,19.2699,0.223509,10.7162,159100734025934795,14.329,13.8559,13.695,13.5536,0.979583,12.4158,18,702120155,2458168.650498,2458349.944178,15,t8_f5_c3,20.1501,33.0034,-12.8533,26.2844,1.6986000000000001e-06,0.016911000000000002,1975.0,-0.036614,4.0505000000000004e-06,-2.53e-06,26.261999999999997,0.5920000000000001,0.174985,9.328560000000001,12.4091,15.1703,13.7602,30.0,2018-09-22T11:42:51.002,58383.487662059255,0.5583999999999989,19.16032568090404,28.9039186165765,2.031258487650153,1.5695908858552525,0.2180743775003145,0.19807431909595863
507229,ZTF18abysnom,2458384.9926852,1,630492685515,20.4742,1,630492685515015066,t,66,630,55,702,993.4630000000001,2432.24,73.68643809999998,42.6736701,18.8139,0.124965,5.13354,18.7749,0.0874,12.1787,19.74,0.04,1.188,-0.079,0.784987,-0.038967,1.97,0.983,648.26,1.69927,1.20617,0.7240000000000001,0.6509999999999999,0.36751300000000003,0.330457,1.11214,4,0,0.71,0.0,18.8,86257,0.99382,18.8756,0.1221,73.6868983,42.6770756,19.689,18.9383,18.5062,18.2732,0.99875,12.1965,1,104,2458384.9926852,2458384.9926852,19.5499057769775,0,159210736868863116,159210736921690432,-999.0,21.5251,-999.0,-999.0,0.5,16.3118,159200736915975463,-999.0,21.4971,20.3364,19.7608,0.835139,17.3827,15,702120155,2458168.650498,2458349.944178,15,t8_f5_c3,14.437999999999999,31.7695,-17.3315,26.2859,1.5755000000000002e-06,0.017037,1974.0,-0.045415,3.7585e-06,-2.34e-06,26.259,0.5920000000000001,0.174959,12.1987,49.0993,18.7929,13.3861,30.0,2018-09-23T11:49:28.001,58384.492256959435,0.01389999999999958,19.141703349911044,28.82161306478312,2.030540709231044,1.5584448815558836,0.21199178773861627,-0.32780334991104354
533934,ZTF18abzowuh,2458387.9692245,2,633469225015,19.254,1,633469225015015002,t,2,633,50,702,2377.3,1500.91,74.4921796,42.9157605,18.3081,0.09808910000000001,1.6857400000000002,18.2376,0.155,9.66043,22.313000000000002,0.35600000000000004,1.6030000000000002,-0.46299999999999997,2.92374,-0.070494,2.01,0.983,695.204,1.01635,1.2250299999999998,0.6990000000000001,0.579,0.347761,0.28806,1.20725,5,0,0.716667,0.0,18.7,86257,1.0,18.1546,0.1843,74.4887085,42.9167183,-999.0,-999.0,21.7697,20.851999999999997,0.245125,9.973930000000001,1,115,2458387.9692245,2458387.9692245,16.6079444885254,0,159500744886830760,159490744881028862,-999.0,21.3922,20.6778,20.4029,0.824042,10.7323,159500744928134242,19.3158,18.4016,17.9678,17.7571,0.94575,14.1561,20,702120250,2458160.724236,2458374.987431,15,t8_f5_c3,15.2234,23.3884,-8.16506,26.0451,1.8069999999999998e-06,0.019312,2018.0,0.072027,4.36e-06,-2.72e-06,26.089000000000002,0.605,0.163293,14.4447,78.3084,18.9804,12.5071,30.0,2018-09-26T11:15:40.997,58387.468796259265,-0.3918999999999997,18.63779594834631,28.546378303934734,2.0283881316466292,1.5255744129673103,0.19424835388779588,-0.3296959483463091
534940,ZTF18abzpgqg,2458388.0124653,1,633512465015,19.5019,1,633512465015015005,t,5,633,50,702,2362.66,1496.0,74.50289690000002,42.9191717,19.1552,0.195731,1.1422,18.9148,0.1858,7.217110000000001,17.237000000000002,0.019,0.799,-0.040999999999999995,-0.508274,-0.24036300000000002,2.98,0.978,709.8439999999999,0.587067,1.02732,0.82,0.7559999999999999,0.27516799999999997,0.253691,1.08466,5,0,0.623333,0.0,18.7,86257,0.9350719999999999,19.3635,0.3609,74.5036923,42.92111679999999,17.2389,16.6436,16.33,16.1856,0.999167,7.179539999999999,1,116,2458388.0124653,2458388.0124653,10.137014389038098,0,159500745036615944,159500745059843374,-999.0,21.5919,20.7146,20.2407,0.740107,8.44595,159500745004446403,20.1995,19.2857,18.8417,18.6012,0.96975,10.3949,18,702120150,2458167.605787,2458350.976458,15,t8_f5_c3,6.25892,11.5273,-5.268330000000001,26.3662,7.6493e-06,0.033497000000000006,2014.0,-0.060561000000000004,1.8383399999999997e-05,-1.146e-05,26.33,0.604,0.166053,10.3925,59.2017,19.2077,10.8657,30.0,2018-09-26T12:17:57.002,58387.5120370593,0.4552000000000014,19.084293787341377,28.54167796053418,2.0283565776462735,1.5250976314113371,0.19299606975919756,0.07090621265862396
545629,ZTF18abztblv,2458388.9906597,2,634490655015,20.2857,1,634490655015015015,t,15,634,50,702,1719.71,1211.37,74.7521645,42.9961667,18.5337,0.0797817,7.152660000000001,18.7404,0.1041,2.39585,22.329,0.309,1.213,-0.516,2.19054,0.206693,1.82,0.993,1211.37,1.54526,1.2534299999999998,0.598,0.5870000000000001,0.328571,0.322527,1.01874,4,0,0.776667,0.0,18.7,86257,1.0,18.7712,0.1368,74.7513896,42.9965307,-999.0,-999.0,21.454,20.9461,0.58275,2.7463599999999997,1,118,2458388.9906597,2458388.9906597,22.7528896331787,0,159590747512836523,159590747497848645,20.3961,19.5642,19.1369,18.8858,0.9688100000000001,10.0312,159590747541489855,21.2932,20.4455,19.9776,19.660999999999998,0.949583,12.8203,16,702120250,2458160.724236,2458374.987431,15,t8_f5_c3,23.2245,41.5636,-18.3391,26.2567,2.7754e-06,0.023783000000000002,2025.0,0.087118,6.6928e-06,-4.17e-06,26.31,0.604,0.16356500000000002,10.0249,86.9509,19.3951,12.3411,30.0,2018-09-27T11:46:32.998,58388.4902314595,-0.16629999999999967,18.617892910817552,28.440445894817632,2.0276406105765794,1.51435237746239,0.18717070209873166,-0.08419291081755276
558727,ZTF18abzyydt,2458389.9221991003,1,635422195015,19.8784,1,635422195015015003,t,3,635,50,702,1178.44,918.961,74.98277759999998,43.068074,18.6002,0.105242,2.60358,18.5035,0.1116,9.09112,19.57,0.033,0.8370000000000001,-0.068,0.622138,-0.096701,2.66,0.983,918.961,1.3749,0.928567,0.8240000000000001,0.772,0.309774,0.29022600000000004,1.06736,1,0,0.74,0.0,18.7,86257,1.0,18.3645,0.1259,74.9857402,43.0694365,19.5207,18.8883,18.5533,18.355999999999998,0.956375,9.05908,1,119,2458389.9221991003,2458389.9221991003,18.223804473877,0,159680749857053903,159680749847045550,21.0542,20.1467,19.6943,19.4108,0.9355829999999999,10.9668,159670749812457633,20.173,20.976,19.3125,18.4689,0.96675,14.6712,18,702120150,2458167.605787,2458350.976458,15,t8_f5_c3,15.0003,24.6237,-9.62337,26.3032,2.8799e-06,0.020007,2020.0,-0.022265,6.9614e-06,-4.33e-06,26.29,0.602,0.16582,10.9664,66.8292,20.0387,13.0821,30.0,2018-09-28T10:07:58.002,58389.421770859524,-0.09979999999999833,19.0468951425641,28.3393159059352,2.0269549726494582,1.5041515812362833,0.183270148723892,-0.44669514256409926
559847,ZTF18abzzmbt,2458389.9885185,2,635488515015,20.2527,1,635488515015015004,t,4,635,50,702,1119.66,917.544,74.9981302,43.0733043,18.279,0.08832480000000001,14.2671,18.3086,0.0722,9.53814,22.273000000000003,0.20600000000000002,0.56,0.025,2.21772,0.029560000000000003,2.0,1.0,917.544,1.9441099999999998,1.14614,0.655,0.594,0.3275,0.297,1.10269,4,0,0.783333,0.0,18.7,86257,0.9990030000000001,18.3013,0.0915,75.0006857,43.0713776,20.5025,-999.0,21.5605,21.1143,0.6117739999999999,7.16867,1,120,2458389.9885185,2458389.9885185,29.024145126342802,0,159680749964796791,159680750006556272,-999.0,-999.0,21.1386,20.8175,0.7881670000000001,9.63818,159680749931619578,21.6162,20.9371,20.3839,20.0871,0.91975,13.4826,20,702120250,2458160.724236,2458374.987431,15,t8_f5_c3,28.7474,51.0454,-22.298000000000002,26.26,2.2194e-06,0.021961,2028.0,0.083701,5.3354e-06,-3.33e-06,26.311,0.605,0.164481,14.179,24.5901,19.1084,13.0821,30.0,2018-09-28T11:43:27.998,58389.48809025949,-0.4209999999999994,18.59821376772724,28.331405568065243,2.0269060181848566,1.5034224607252122,0.18072519052401997,-0.3192137677272413
577623,ZTF18acagdca,2458391.0151273,2,636515126215,19.9737,1,636515126215015003,t,3,636,62,703,3048.48,389.098,75.24207829999997,43.1512827,18.5279,0.0939554,3.9268199999999998,18.4401,0.0926,4.21254,21.456999999999997,0.131,0.8,-0.009000000000000001,0.19505899999999998,-0.087787,2.61,0.982,24.0197,1.53359,0.994133,0.836,0.723,0.320307,0.277011,1.15629,2,0,0.696667,0.0,18.7,86257,1.0,18.5997,0.1369,75.2435464,43.1517883,-999.0,21.7261,21.2357,20.8386,0.696146,4.12511,1,174,2458391.0151273,2458391.0151273,19.6161098480225,0,159780752434252585,159770752404169874,-999.0,21.162,20.5001,20.0985,0.8324819999999999,8.26943,159780752461780729,18.7813,19.7712,-999.0,-999.0,0.5,11.8564,20,703120262,2458154.6769560003,2458336.943762,15,t8_f5_c3,18.0242,32.2799,-14.2557,26.1199,1.3381e-06,0.021034999999999998,2153.0,0.090054,3.2431e-06,-2.01e-06,26.175,0.6,0.171227,13.0756,42.489,15.1308,11.5455,30.0,2018-09-29T12:21:46.999,58390.51469905907,-0.17210000000000036,18.577709490275424,28.21295492681578,2.026145822265188,1.4922128188992454,0.17341532876598018,-0.04980949027542536
615237,ZTF18acamwfi,2458397.9435648,2,643443566015,20.5915,1,643443566015015143,t,143,643,60,703,2397.53,2109.08,76.64005759999998,43.6372678,17.8845,0.0533937,23.1227,17.8929,0.0349,8.751330000000001,22.171,0.243,0.987,-0.07,-0.41625500000000004,0.008394,2.5,0.983,674.967,2.69857,1.02119,0.732,0.66,0.2928,0.264,1.10909,5,0,0.75,0.0,18.5,86257,0.9736459999999999,17.9115,0.0441,76.64186109999999,43.6393533,-999.0,-999.0,21.401999999999997,20.8365,0.5968100000000001,3.07479,1,192,2458397.9435648,2458397.9435648,35.8892974853516,0,160360766388355427,160360766419057990,-999.0,-999.0,21.3492,20.6579,0.869542,9.166210000000001,160360766439495183,22.1041,20.8702,20.1058,19.6934,0.98425,10.2652,11,703120260,2458154.629618,2458335.964016,15,t8_f5_c3,62.3464,104.829,-42.4825,26.0185,1.932e-06,0.024003,2071.0,0.09241100000000001,2.8082e-06,-2.26e-06,26.09,0.769,0.20033199999999998,25.1306,-999.0,18.7854,-999.0,30.0,2018-10-06T10:38:43.999,58397.443136559334,-0.6155000000000008,18.43266662155461,27.24607311392393,2.0208994609294546,1.4176961710009892,0.1259355427231175,-0.5481666215546106
617914,ZTF18acanuqf,2458397.9690394,1,643469036015,20.9449,1,643469036015015041,t,41,643,60,703,2391.17,2110.63,76.644015,43.6389525,18.4562,0.0745232,14.2464,18.3913,0.0408,6.55255,22.318,0.21100000000000002,0.804,-0.28,-0.533066,-0.064863,2.9,0.98,681.326,2.5536,0.856117,0.9420000000000001,0.731,0.324828,0.252069,1.28865,1,0,0.63,0.0,18.5,86257,1.0,18.3653,0.0496,76.6439801,43.637111,-999.0,-999.0,21.5104,20.8416,0.822833,3.02877,1,193,2458397.9690394,2458397.9690394,35.396888732910206,0,160360766450267801,160360766419057990,-999.0,-999.0,21.3492,20.6579,0.869542,5.6702699999999995,160360766439495183,22.1041,20.8702,20.1058,19.6934,0.98425,6.5476,13,703120160,2458166.670324,2458361.9648490003,15,t8_f5_c3,27.433000000000003,63.778,-36.345,26.1912,3.4467e-06,0.022282,2053.0,-0.044177,5.0028e-06,-4.03e-06,26.156999999999996,0.769,0.201549,14.0702,-999.0,17.1472,-999.0,30.0,2018-10-06T11:15:25.004,58397.468611158896,-0.04380000000000095,18.879450580506745,27.241736561332264,2.02087980373931,1.4174254785344442,0.12492908081184785,-0.42325058050674613
639550,ZTF18acbvuvg,2458422.9237037003,1,668423700315,19.9835,1,668423700315015002,t,2,668,3,743,466.85699999999997,686.44,77.19356490000001,44.5283117,17.8375,0.058326499999999996,5.57536,17.8324,0.0474,4.70859,22.28,0.353,1.2,-0.455,-0.0498546,-0.005072999999999999,2.54,0.983,466.85699999999997,2.15115,1.15806,0.89,0.867,0.350394,0.341339,1.02653,1,0,0.873333,0.0,17.9,86257,1.0,17.8173,0.0591,77.19540429999998,44.5281297,-999.0,21.7868,20.7074,20.0339,0.900208,10.8281,1,262,2458422.9237037003,2458422.9237037003,40.14463424682621,0,161430771954891435,161430771890475793,-999.0,21.4378,20.4737,20.863000000000003,0.5,12.1177,161430771890666147,20.9916,19.8146,19.2179,18.9386,0.966583,12.3975,19,743120103,2458166.670822,2458346.9855790003,15,t8_f5_c3,26.5551,59.8823,-33.3272,26.1015,3.1723e-06,0.02366,2129.0,-0.058012,5.1016e-06,-3.89e-06,26.059,0.7290000000000001,0.198365,12.3976,64.5412,19.6205,12.9506,30.0,2018-10-31T10:10:08.000,58422.42327545957,-0.0625,18.26647742279122,20.912931244563712,2.000410321783913,1.1788273337095847,0.11819785405158278,-0.4289774227912204
639990,ZTF18acbvelm,2458422.842037,2,668342030315,19.8519,1,668342030315015002,t,2,668,3,743,427.472,672.575,77.2059753,44.5284918,17.3311,0.055375,21.2135,17.3845,0.0378,12.5325,20.234,0.044000000000000004,0.728,0.002,-0.39566,0.053375,2.23,0.9840000000000001,427.472,2.46742,1.24271,0.784,0.7609999999999999,0.35157,0.341256,1.0302200000000001,0,0,0.88,0.0,17.9,86257,1.0,17.3505,0.0462,77.2025903,44.5259263,21.8596,20.3922,19.3654,18.8815,0.985333,12.6417,1,260,2458422.842037,2458422.842037,56.80278015136721,0,161430772025511727,161430772113435216,19.3173,18.3644,17.886,17.6379,0.98675,14.1787,161420772079179994,-999.0,-999.0,21.6567,-999.0,0.598125,15.3017,23,743120203,2458155.706632,2458336.965822,15,t8_f5_c3,38.135999999999996,82.4748,-44.3388,25.9971,2.2625e-06,0.025237,2130.0,0.090556,3.6163e-06,-2.77e-06,26.065,0.73,0.200125,12.6419,-999.0,19.9018,-999.0,30.0,2018-10-31T08:12:31.997,58422.34160875902,-0.5688999999999993,17.82135156459157,20.942009782533905,2.000481051789514,1.1794993254288753,0.11570294739791026,-0.4902515645915706
640045,ZTF18acbvkbm,2458422.8621644,2,668362161415,19.5985,1,668362161415015037,t,37,668,14,744,1907.0,663.319,77.2029569,44.528468,17.3405,0.053143100000000006,3.35291,17.3544,0.0373,8.93993,20.281,0.038,0.617,-0.038,-1.20392,0.013884,3.49,0.983,663.319,2.24411,0.983641,1.114,1.065,0.319198,0.305158,1.04601,0,0,0.743333,0.0,17.9,86257,1.0,17.3395,0.0466,77.2025984,44.5259664,21.8596,20.3922,19.3654,18.8815,0.985333,9.11913,1,261,2458422.8621644,2458422.8621644,40.84364700317379,0,161430772025511727,161430771976578037,20.6488,19.5463,19.017,18.7315,0.976083,16.691,161420772079179994,-999.0,-999.0,21.6567,-999.0,0.598125,19.1948,21,744120214,2458154.6163080004,2458182.664201,15,t8_f5_c3,21.2275,61.3137,-40.0862,26.0075,2.2980000000000003e-06,0.024527,2063.0,0.094034,4.5186e-06,-3.12e-06,26.07,0.6609999999999999,0.18198699999999998,9.11846,88.4781,19.9018,12.9506,30.0,2018-10-31T08:41:31.004,58422.36173615885,-0.5594999999999999,17.820804034660735,20.93487282892111,2.0004636219670338,1.179333031414962,0.11655578823537664,-0.4803040346607368
643244,ZTF18acbvwvk,2458422.9473264,1,668447321415,19.8668,1,668447321415015004,t,4,668,14,744,1950.94,668.567,77.1899834,44.5281836,17.8741,0.0587211,4.115530000000001,17.8557,0.0479,5.51054,20.986,0.063,0.7140000000000001,-0.079,-0.113724,-0.018434,3.1,0.988,668.567,2.0110799999999998,1.0675,1.006,0.9590000000000001,0.32451599999999997,0.309355,1.04901,0,0,0.81,0.0,17.9,86257,1.0,17.8402,0.0598,77.189099,44.5295987,-999.0,21.4378,20.4737,20.863000000000003,0.5,4.65142,1,263,2458422.9473264,2458422.9473264,41.1619415283203,0,161430771890475793,161430771890666147,20.9916,19.8146,19.2179,18.9386,0.966583,5.57289,161430771888772505,-999.0,-999.0,21.5548,21.2124,0.5,7.00214,22,744120114,2458166.671806,2458382.966412,15,t8_f5_c3,23.2459,54.0126,-30.7667,26.1441,2.6785000000000003e-06,0.024255000000000002,2079.0,-0.081233,5.259400000000001e-06,-3.63e-06,26.090999999999998,0.6609999999999999,0.183178,5.5730900000000005,55.4878,19.6205,12.9506,30.0,2018-10-31T10:44:09.001,58422.44689815911,-0.025900000000000034,18.265835971370468,20.904472408579856,2.000389858302624,1.1786343590672745,0.11842167370097968,-0.3917359713704691
646264,ZTF18acbylzl,2458423.8652546,2,669365254615,20.5009,2,669365254615015128,t,128,669,46,1743,822.288,1794.41,77.0583298,44.5217527,18.3187,0.0642481,11.1912,18.3419,0.0534,3.76651,18.614,0.027999999999999997,2.125,-0.043,1.23209,0.023176,2.24,0.996,822.288,2.15898,1.19261,0.7,0.682,0.3125,0.304464,1.02639,5,0,0.746667,0.0,17.9,86257,0.9505600000000001,18.4237,0.0725,77.0597377,44.522091499999995,20.1406,18.7667,17.5604,16.9715,0.982292,3.81925,2,266,2458423.8652546,2458423.865706,34.1811676025391,0,161420770597147136,161420770559857273,20.3568,19.3193,18.6974,18.397000000000002,0.988542,6.222659999999999,161420770557774561,-999.0,21.625,20.5232,19.8213,0.8866790000000001,9.10933,21,1743120246,2458154.616806,2458182.6646990003,15,t8_f5_c3,27.5203,60.0699,-32.5496,26.2507,1.433e-06,0.024606,2211.0,0.1042,2.3678e-06,-1.78e-06,26.326,0.721,0.19396300000000002,3.82404,22.8205,18.314,13.5059,30.0,2018-11-01T08:45:57.997,58423.36482635933,0.4187000000000012,17.793802341137926,20.582316317025647,1.999593197667445,1.171191181182878,0.12669740573105495,0.5248976588620735
654883,ZTF18acbykjb,2458423.8352894,2,669335280315,20.1605,1,669335280315015031,t,31,669,3,743,799.21,939.6030000000001,77.0632335,44.5218995,18.2184,0.0580319,7.34006,18.1268,0.0644,6.871580000000001,17.928,0.022000000000000002,1.2,-0.031,0.389297,-0.09164299999999999,2.21,0.997,799.21,2.03372,1.0966200000000002,0.7090000000000001,0.691,0.320814,0.31267,1.02605,1,0,0.81,0.0,17.9,86257,1.0,18.0624,0.0775,77.06136490000002,44.5232963,18.8313,17.9931,17.5399,17.2909,0.998,6.91207,1,264,2458423.8352894,2458423.8352894,31.816026687622102,0,161420770613138678,161420770614435049,21.8494,21.1293,20.4669,20.0308,0.8837290000000001,7.22815,161420770597147136,20.1406,18.7667,17.5604,16.9715,0.982292,8.92464,18,743120203,2458155.706632,2458336.965822,15,t8_f5_c3,31.2971,53.9393,-22.6422,25.9034,1.5149e-06,0.022624000000000002,2212.0,0.088433,2.4659999999999998e-06,-1.87e-06,25.968000000000004,0.725,0.19636199999999998,6.91222,34.5977,17.8702,13.5059,30.0,2018-11-01T08:02:49.004,58423.334861158866,0.31840000000000046,17.794620958958127,20.59315843082401,1.999619250024784,1.171434399429017,0.12538805636830314,0.4237790410418718
655357,ZTF18acbylzl,2458423.865706,2,669365701415,20.3271,1,669365701415015041,t,41,669,14,744,2283.24,882.573,77.0582661,44.5217323,18.2998,0.059846300000000005,8.2923,18.2389,0.0573,3.9559,18.618,0.016,0.598,-0.01,0.703025,-0.060896000000000006,2.17,0.993,789.26,2.08817,1.22233,0.742,0.7120000000000001,0.341935,0.328111,1.04213,0,0,0.796667,0.0,17.9,86257,1.0,18.1766,0.0683,77.05975179999999,44.5220759,20.1406,18.7667,17.5604,16.9715,0.982292,3.9966199999999996,2,266,2458423.8652546,2458423.865706,33.959197998046896,0,161420770597147136,161420770559857273,20.3568,19.3193,18.6974,18.397000000000002,0.988542,6.08752,161420770557774561,-999.0,21.625,20.5232,19.8213,0.8866790000000001,8.94245,21,744120214,2458154.6163080004,2458182.664201,15,t8_f5_c3,31.666,59.331,-27.665,26.0428,1.1712000000000001e-06,0.019255,2135.0,0.079935,2.3259e-06,-1.6e-06,26.096,0.6579999999999999,0.180694,4.0013,22.6417,18.314,13.5059,30.0,2018-11-01T08:46:36.998,58423.36527775928,0.3998000000000026,17.793790010194254,20.58215262020895,1.9995928051875336,1.1711875245956784,0.1267145938796733,0.5060099898057473
658531,ZTF18acbzarn,2458423.9059954,1,669405990315,20.0512,1,669405990315015015,t,15,669,3,743,817.795,957.947,77.0515736,44.5214131,19.0498,0.107826,0.987276,19.0176,0.1161,3.05255,20.078,0.042,0.774,-0.055999999999999994,-0.375178,-0.032164,3.86,0.96,817.795,1.03357,0.868618,1.083,1.006,0.28057,0.26062199999999996,1.07654,0,0,0.736667,0.0,17.9,86257,1.0,19.0308,0.1571,77.0526217,44.5218368,19.9475,18.9685,18.4982,18.2307,0.986458,3.01606,1,267,2458423.9059954,2458423.9059954,18.8902053833008,0,161420770524016701,161420770504883131,14.7226,13.6735,13.208,12.838,0.98,9.96434,161420770489743620,-999.0,-999.0,-999.0,19.6868,0.5,10.5433,21,743120103,2458166.670822,2458346.9855790003,15,t8_f5_c3,7.44601,21.8875,-14.4415,26.1458,3.7501999999999997e-06,0.026646,2198.0,-0.068614,6.079e-06,-4.62e-06,26.096,0.725,0.198222,9.965119999999999,9.965119999999999,13.5059,13.5059,30.0,2018-11-01T09:44:38.003,58423.405567158945,1.1498000000000026,18.2400363374117,20.567503636646205,1.9995577718397748,1.1708620713730509,0.12792725575196173,0.8097636625883027
665904,ZTF18accccew,2458424.8496644,2,670349660315,19.8114,1,670349660315015014,t,14,670,3,743,1212.27,994.7330000000001,76.90340350000002,44.51048839999999,17.4713,0.0631327,8.64275,17.4351,0.0392,6.48409,20.351,0.052000000000000005,0.945,0.033,-0.21547600000000003,-0.036206,3.04,0.983,994.7330000000001,2.37633,0.9576549999999999,0.9840000000000001,0.81,0.323684,0.266447,1.21481,0,0,0.74,0.0,17.9,86257,1.0,17.4613,0.0506,76.9014261,44.5116481,21.4273,20.5513,19.922,19.6292,0.888542,6.3993,1,269,2458424.8496644,2458424.8496644,42.3003578186035,0,161410769014304601,161410769071023000,21.5505,21.5804,20.7799,20.374000000000002,0.94425,9.53859,161410768990944778,-999.0,-999.0,21.6915,20.9896,0.386375,11.637,14,743120203,2458155.706632,2458336.965822,15,t8_f5_c3,29.9528,71.6048,-41.652,25.9283,3.9163e-06,0.02908,2215.0,0.088699,6.3795000000000005e-06,-4.84e-06,25.995,0.725,0.19606400000000002,6.39709,79.6455,20.3373,12.1366,30.0,2018-11-02T08:23:31.004,58424.34923615912,-0.4286999999999992,17.767202410987693,20.229439875981576,1.998735620087985,1.1633456387228156,0.13619864452016153,-0.29590241098769354
666142,ZTF18accbxyd,2458424.8080556,2,670308051415,19.1121,1,670308051415015029,t,29,670,14,744,2656.72,870.7669999999999,76.91080129999997,44.5109231,17.528,0.0741096,2.1541099999999997,17.5124,0.0612,4.02337,20.179000000000002,0.032,0.387,-0.013999999999999999,-0.864176,-0.01565,3.97,0.98,415.781,1.59971,0.942325,1.123,1.069,0.28287199999999996,0.26927,1.05051,0,0,0.72,0.0,17.9,86257,1.0,17.5426,0.0799,76.91204259999998,44.5116279,21.4705,20.3245,19.7258,19.4079,0.979807,3.97088,1,268,2458424.8080556,2458424.8080556,32.6886215209961,0,161410769119914564,161410769071023000,21.5505,21.5804,20.7799,20.374000000000002,0.94425,9.72198,161410769154113778,21.9364,20.9801,20.2655,19.9867,0.331036,12.505,14,744120214,2458154.6163080004,2458182.664201,15,t8_f5_c3,13.2856,41.108999999999995,-27.8234,25.6411,3.5169e-06,0.024319999999999998,2116.0,0.057609,6.995499999999999e-06,-4.8e-06,25.680999999999997,0.657,0.18066300000000002,3.97035,67.5885,20.0603,12.1366,30.0,2018-11-02T07:23:36.004,58424.30762735941,-0.3719999999999999,17.768343288906717,20.244741389820245,1.9987719350695219,1.1636779574902691,0.13404956318859587,-0.2403432889067183
667235,ZTF18accchyl,2458424.8703356003,1,670370330315,20.0783,1,670370330315015021,t,21,670,3,743,1208.5,999.322,76.8997335,44.5102921,17.7993,0.07183880000000001,9.006910000000001,17.7809,0.0429,6.14845,21.713,0.16399999999999998,0.75,0.157,0.193827,-0.018431,2.43,0.983,999.322,2.29743,1.19269,0.875,0.85,0.360082,0.349794,1.02941,0,0,0.87,0.0,17.9,86257,1.0,17.7318,0.0515,76.90136559999998,44.511567,-999.0,-999.0,21.6915,20.9896,0.386375,5.58405,1,270,2458424.8703356003,2458424.8703356003,43.42709732055661,0,161410768990944778,161410769014304601,21.4273,20.5513,19.922,19.6292,0.888542,6.52504,161410768976071531,-999.0,-999.0,21.5011,20.6993,0.9834579999999999,6.90112,12,743120103,2458166.670822,2458346.9855790003,15,t8_f5_c3,25.6318,64.3509,-38.7191,25.8673,3.3716e-06,0.023979,2201.0,-0.050688,5.4727e-06,-4.16e-06,25.831,0.725,0.198356,6.52506,77.1187,20.3373,13.9378,30.0,2018-11-02T08:53:16.996,58424.3699073596,-0.10069999999999979,18.21398217296598,20.221801537783325,1.9987175766573924,1.1631812109387967,0.1370370111075594,-0.414682172965982
705924,ZTF18acecmzw,2458428.8640509,2,674364050215,20.3005,1,674364050215015012,t,12,674,2,743,58.0169,1442.72,76.1367235,44.4146852,17.6557,0.0766942,10.644,17.4723,0.0256,9.70166,20.81,0.07400000000000001,1.092,-0.106,-0.956951,-0.183376,3.77,0.982,58.0169,2.82816,0.810405,1.198,0.93,0.317772,0.24668400000000001,1.28817,0,0,0.613333,0.0,17.8,86257,1.0,17.4789,0.032,76.1386415,44.4123245,-999.0,21.778000000000002,21.438000000000002,20.8244,0.919149,4.523619999999999,1,210,2458428.8640509,2458428.8640509,31.2612152099609,0,161290761383837792,161290761386025362,22.0264,20.9052,20.0849,19.5703,0.955,9.86788,161290761419398895,-999.0,21.1357,20.0926,19.4964,0.934702,13.4147,15,743120202,2458154.690903,2458335.9621880003,15,t8_f5_c3,43.8269,101.147,-57.3198,26.2467,2.54862e-05,0.06336,2025.0,0.148072,2.33852e-05,-2.376e-05,26.397,0.985,0.24071900000000002,21.2358,-999.0,20.1521,-999.0,30.0,2018-11-06T08:44:13.998,58428.363622659366,-0.1443000000000012,17.65791680617894,18.722220380004767,1.9952045179975373,1.132912724000581,0.17802416956912256,-0.002216806178939379
711840,ZTF18accjyro,2458425.8125116,2,671312514615,19.7607,2,671312514615015010,t,10,671,46,1743,1638.48,1826.44,76.7396238,44.49493020000001,17.9759,0.07858129999999999,8.8378,17.9762,0.0587,4.99348,19.872,0.027999999999999997,0.564,-0.013999999999999999,0.05917240000000001,0.000265,3.27,0.983,1254.06,1.7845400000000002,1.01025,0.946,0.8420000000000001,0.28929699999999997,0.257492,1.12352,1,0,0.793333,0.0,17.8,86257,1.0,17.9361,0.0718,76.74157159999999,44.4951499,21.4239,19.9034,19.1116,18.6541,0.98606,5.07501,1,209,2458425.8125116,2458425.8125116,31.6571159362793,0,161390767415464792,161390767367707643,21.666999999999998,20.8357,20.2727,19.9608,0.957792,11.7345,161390767420171152,19.56,18.3825,17.8263,17.5196,0.990458,11.989,22,1743120246,2458154.616806,2458182.6646990003,15,t8_f5_c3,18.8863,48.3997,-29.5134,26.0769,2.5082e-06,0.022469,2199.0,0.06601900000000001,4.1608e-06,-3.13e-06,26.125,0.721,0.193329,5.06836,34.1362,19.6333,10.9638,30.0,2018-11-03T07:30:01.002,58425.31208335934,0.1758999999999986,17.741103115393575,19.877851556891343,1.997893629803733,1.1558158264749057,0.1445314304008932,0.23479688460642478
722035,ZTF18acclbpr,2458425.8793403,1,671379340315,20.6029,1,671379340315015023,t,23,671,3,743,1661.87,1094.35,76.7267821,44.4939358,18.7729,0.0850341,3.6059900000000003,18.7302,0.0694,6.97041,19.674,0.042,1.421,0.009000000000000001,0.329419,-0.042729,2.2,0.981,1094.35,1.8726900000000002,1.1958799999999998,0.821,0.742,0.373182,0.337273,1.10647,0,0,0.81,0.0,17.8,86257,1.0,18.7077,0.086,76.7273615,44.4958535,19.6024,18.7132,18.2273,17.9437,0.974792,7.062710000000001,1,192,2458425.8793403,2458425.8793403,25.94016456604,0,161390767273075681,161390767299515418,21.9431,21.1062,20.1238,19.6426,0.958417,10.1317,161390767228362733,19.6307,18.7514,18.262999999999998,17.9981,0.996667,10.2074,18,743120103,2458166.670822,2458346.9855790003,15,t8_f5_c3,21.6682,43.5802,-21.9121,26.0379,2.3451e-06,0.019728,2210.0,-0.038982,3.8119e-06,-2.89e-06,26.01,0.7240000000000001,0.19783399999999998,7.063460000000001,64.9683,18.53,13.9154,30.0,2018-11-03T09:06:15.002,58425.378912059125,0.9728999999999992,18.18661151947472,19.852746383906226,1.9978350727460537,1.1552937276852095,0.1475943243894923,0.5862884805252797
760153,ZTF18acctsey,2458426.8828704,1,672382870315,20.686,1,672382870315015011,t,11,672,3,743,2130.78,1196.02,76.5413561,44.4725522,17.8076,0.0452043,6.80273,17.8499,0.0309,1.60176,22.428,0.29,0.64,-0.07400000000000001,-0.450795,0.04233,2.3,0.983,941.7230000000001,2.83612,1.14806,0.76,0.7120000000000001,0.330435,0.30956500000000003,1.06742,1,0,0.9033329999999999,0.0,17.8,86257,1.0,17.8774,0.0403,76.5419388,44.4723772,-999.0,-999.0,21.3123,20.839000000000002,0.5,5.10433,1,192,2458426.8828704,2458426.8828704,41.5949859619141,0,161360765396066845,161370765428750380,17.3695,16.9487,16.7695,16.6392,0.9181729999999999,8.91383,161370765443850092,17.2888,16.5471,16.1842,15.9836,0.981923,10.5896,35,743120103,2458166.670822,2458346.9855790003,15,t8_f5_c3,76.9332,128.039,-51.1054,26.0956,2.3288e-06,0.02015,2211.0,-0.045415,3.7918000000000003e-06,-2.88e-06,26.061999999999998,0.7240000000000001,0.197147,8.9104,23.5674,16.8539,9.97831,30.0,2018-11-04T09:11:20.003,58426.38244215912,0.007600000000000051,18.159311655033008,19.478911525324435,1.9969539423613327,1.1476069857668882,0.15801260595574895,-0.3517116550330073
768573,ZTF18acctytm,2458426.9107755,2,672410770315,20.3227,1,672410770315015013,t,13,672,3,743,2136.21,1195.35,76.5355968,44.4719133,17.2781,0.044118,17.2275,17.328,0.0265,5.5201400000000005,19.85,0.037000000000000005,0.9309999999999999,0.0,-0.08837350000000001,0.049925,2.19,0.983,936.291,2.99473,1.18145,0.758,0.667,0.346119,0.304566,1.1364299999999998,2,0,0.856667,0.0,17.8,86257,1.0,17.3738,0.0342,76.5335238,44.4714516,-999.0,-999.0,20.878,20.4703,0.5,4.21933,1,193,2458426.9107755,2458426.9107755,64.6485061645508,0,161360765367598156,161360765335306396,20.6438,19.8759,19.38,19.1693,0.867208,5.530880000000001,161360765375155664,21.3886,-999.0,21.6452,-999.0,0.5,6.1413199999999994,24,743120203,2458155.706632,2458336.965822,15,t8_f5_c3,51.131,123.556,-72.4249,26.0361,1.7605000000000001e-06,0.024368,2224.0,0.09400900000000001,2.8542e-06,-2.17e-06,26.105999999999998,0.726,0.197749,5.52726,20.2805,19.8048,9.97831,30.0,2018-11-04T09:51:31.003,58426.41034725914,-0.5219000000000023,17.71119622525092,19.468172914101437,1.996929392431878,1.1473950673490936,0.15874124554206995,-0.43309622525092095
797814,ZTF18acemjrh,2458429.8792245,2,675379220215,20.3682,1,675379220215015010,t,10,675,2,743,644.874,1619.34,75.90927070000002,44.3766595,17.9835,0.0653319,10.6908,17.9374,0.0416,11.0426,21.334,0.08900000000000001,0.6659999999999999,-0.16699999999999998,-0.114646,-0.046120999999999995,2.66,0.983,644.874,2.4308099999999997,0.9890770000000001,0.893,0.722,0.335714,0.271429,1.23684,2,0,0.77,0.0,17.7,86257,1.0,17.9264,0.0518,75.9097156,44.3797485,-999.0,21.5608,20.6893,20.0957,0.993417,11.1346,1,213,2458429.8792245,2458429.8792245,26.9240646362305,0,161250759096856336,161250759146920974,-999.0,-999.0,21.0935,20.2486,0.7822319999999999,14.9426,161250759155662082,20.4411,18.9819,18.1372,17.6663,0.9963930000000001,16.3602,21,743120202,2458154.690903,2458335.9621880003,15,t8_f5_c3,34.6888,72.3709,-37.6821,26.1625,6.0537999999999995e-06,0.037818,2026.0,0.117175,5.5576e-06,-5.65e-06,26.281,0.985,0.23923200000000003,16.3588,-999.0,18.5861,-999.0,30.0,2018-11-07T09:06:04.997,58429.37879625895,0.2835000000000001,17.630172647676602,18.325265755954636,1.994303070063084,1.1256388339711445,0.1888946684395872,0.3533273523233973
803899,ZTF18acenwzx,2458429.9255903,1,675425590215,20.5991,1,675425590215015036,t,36,675,2,743,654.6469999999999,1631.53,75.8978386,44.3747887,18.715,0.0927334,6.11574,18.5879,0.0595,10.3433,19.544,0.04,1.338,-0.02,0.810958,-0.127088,2.56,0.9990000000000001,654.6469999999999,2.01117,1.04906,0.877,0.767,0.342578,0.299609,1.14342,0,0,0.753333,0.0,17.7,86257,1.0,18.6178,0.0772,75.8942348,44.3761434,-999.0,-999.0,-999.0,20.7513,0.565155,7.73814,1,214,2458429.9255903,2458429.9255903,34.4796104431152,0,161250758986602891,161250758983953265,-999.0,-999.0,21.463,20.7174,0.48748199999999997,8.74088,161250758941431996,19.5079,18.3464,17.6687,17.2767,0.997917,10.5761,13,743120102,2458167.604236,2458338.946227,15,t8_f5_c3,24.4616,48.1641,-23.7025,26.195999999999998,5.1624e-06,0.026142000000000002,2021.0,-0.045392,4.734700000000001e-06,-4.81e-06,26.151999999999997,0.9840000000000001,0.242414,10.5761,-999.0,18.0677,-999.0,30.0,2018-11-07T10:12:51.002,58429.425162059255,1.0150000000000006,18.07623829806459,18.306578695983543,1.994261817785544,1.1253108503097946,0.18995430018203233,0.6387617019354082
827318,ZTF18acewkzr,2458430.8991782,1,676399170215,20.4391,1,676399170215015013,t,13,676,2,743,1246.2,1777.91,75.6675423,44.33238660000001,17.9103,0.050100900000000004,3.33339,17.9678,0.0332,2.29904,22.174,0.315,0.958,-0.018000000000000002,1.01454,0.057549,3.23,0.9840000000000001,1246.2,2.4713,1.01742,0.943,0.8540000000000001,0.29195,0.264396,1.10422,0,0,0.813333,0.0,17.7,86257,1.0,17.9959,0.0423,75.66663840000002,44.3323805,21.9982,20.5717,19.5991,18.9749,0.921351,10.777999999999999,1,215,2458430.8991782,2458430.8991782,37.964790344238295,0,161190756706777184,161200756717830453,21.3253,19.5606,18.5001,17.8821,0.99375,11.3372,161190756725547551,-999.0,21.2616,20.0135,19.3358,0.97525,14.255999999999998,11,743120102,2458167.604236,2458338.946227,15,t8_f5_c3,38.8955,90.4003,-51.5048,26.3023,7.4574e-06,0.044685,2038.0,-0.143233,6.8589e-06,-6.96e-06,26.162,0.982,0.240598,10.7834,-999.0,20.1311,-999.0,30.0,2018-11-08T09:34:48.996,58430.3987499592,0.21030000000000015,18.04964704228248,17.9208007151787,1.993393986191243,1.1185123961419048,0.1997358839713191,-0.13934704228248052
833252,ZTF18acexqzb,2458430.9517361,2,676451730215,20.4664,1,676451730215015141,t,141,676,2,743,1275.54,1786.91,75.6539185,44.3299021,17.2441,0.036523900000000005,55.6755,17.2919,0.0243,5.038130000000001,20.046,0.034,0.667,-0.013999999999999999,1.46852,0.047782,2.18,0.9840000000000001,1275.54,3.17445,1.09485,0.643,0.608,0.294954,0.27889899999999995,1.0575700000000001,4,0,0.783333,0.0,17.7,86257,0.986282,17.2769,0.0297,75.6556982,44.3292815,21.6095,20.1499,19.1833,18.5858,0.993292,5.1878,1,216,2458430.9517361,2458430.9517361,35.2713394165039,0,161190756557025780,161190756532708584,-999.0,-999.0,21.6123,21.1712,0.893042,6.08969,161190756556279090,21.1415,19.5365,18.5583,17.9832,1.0,8.85379,14,743120202,2458154.690903,2458335.9621880003,15,t8_f5_c3,113.24,179.952,-66.7125,26.1331,2.52e-06,0.027252,2041.0,0.090144,2.3164e-06,-2.35e-06,26.221,0.9840000000000001,0.240375,5.20062,-999.0,19.6772,-999.0,30.0,2018-11-08T10:50:29.999,58430.45130785928,-0.45589999999999975,17.60085103842173,17.89931080504479,1.99334704985705,1.1181515309672032,0.2003882871137998,-0.3567510384217307
857919,ZTF18acgnscg,2458431.8902778,2,677390270215,19.6429,1,677390270215015039,t,39,677,2,743,1861.89,2011.65,75.4207696,44.2833966,17.6879,0.06697769999999999,3.7227699999999997,17.7414,0.0481,2.7471900000000002,20.729,0.071,1.153,-0.08,-0.8833030000000001,0.053527,3.71,0.983,1068.85,1.9015400000000002,0.9778700000000001,1.129,1.125,0.304313,0.303234,1.00356,0,0,0.786667,0.0,17.7,86257,1.0,17.7047,0.059000000000000004,75.42070240000002,44.28416770000001,-999.0,20.8981,19.6383,18.9512,0.96625,2.59401,1,217,2458431.8902778,2458431.8902778,38.195484161377,0,161140754207401576,161130754207329362,-999.0,21.2429,20.2572,19.625,0.984833,4.10848,161140754176481049,-999.0,-999.0,21.5295,20.9788,0.5,8.059510000000001,19,743120202,2458154.690903,2458335.9621880003,15,t8_f5_c3,18.7668,48.5071,-29.7403,26.0559,5.0568000000000004e-06,0.033006,2019.0,0.097478,4.650299999999999e-06,-4.72e-06,26.151,0.985,0.240143,2.59251,20.7827,20.3194,13.165999999999999,30.0,2018-11-09T09:22:00.002,58431.38984955941,-0.012100000000000222,17.57525487430049,17.52314303040246,1.9925073926160868,1.1117665481531211,0.20972145716302767,0.11264512569950824
863558,ZTF18acgrfbi,2458431.9242014,1,677424200215,20.0375,1,677424200215015034,t,34,677,2,743,1878.93,2026.17,75.4115423,44.2815932,18.5356,0.0962452,1.2754299999999998,18.4861,0.0647,14.1059,19.730999999999998,0.04,1.1,-0.017,0.691545,-0.049484,4.63,0.9079999999999999,1054.33,1.5513700000000001,0.8058069999999999,1.2690000000000001,1.234,0.274082,0.266523,1.02836,0,0,0.686667,0.0,17.7,86257,1.0,18.4579,0.08,75.41282840000002,44.2854517,27.024,21.1422,20.2112,19.6318,0.00604167,8.9672,1,218,2458431.9242014,2458431.9242014,28.290710449218803,0,161130754086606842,161130754093425265,-999.0,-999.0,-999.0,20.7548,0.261405,11.549000000000001,161140754100522283,21.5336,20.1351,18.9558,18.3701,0.989542,11.7676,20,743120102,2458167.604236,2458338.946227,15,t8_f5_c3,12.1127,34.882,-22.7694,26.1876,1.1803199999999999e-05,0.041085,2002.0,-0.085476,1.0843900000000001e-05,-1.101e-05,26.105999999999998,0.985,0.241193,14.2183,28.2977,18.2492,13.165999999999999,30.0,2018-11-09T10:10:51.001,58431.42377315928,0.8355999999999995,18.02166676675743,17.509132082566868,1.9924769901162775,1.1115391764160907,0.2103893925879631,0.5139332332425681
882329,ZTF18achbozy,2458432.8346181,2,678334610215,20.067999999999998,1,678334610215015023,t,23,678,2,743,2464.97,2225.56,75.1753225,44.23094860000001,17.6039,0.0454342,11.9764,17.618,0.0362,2.52995,22.244,0.245,0.997,-0.039,-1.12669,0.014088,2.73,0.9840000000000001,607.533,2.45001,1.0930799999999998,0.917,0.87,0.335897,0.318681,1.0540200000000002,0,0,0.9,0.0,17.7,86257,1.0,17.5636,0.0434,75.1761165,44.2313753,-999.0,-999.0,20.969,20.1609,0.915458,2.63504,1,219,2458432.8346181,2458432.8346181,41.623420715331996,0,161070751758358520,161070751735328937,21.1412,19.7242,19.0119,18.6281,0.9570059999999999,5.64159,161070751789027155,20.6003,19.5031,18.8566,18.459,0.995,9.4625,25,743120202,2458154.690903,2458335.9621880003,15,t8_f5_c3,35.1933,80.8875,-45.6943,26.1279,3.6132999999999998e-06,0.028783999999999997,2025.0,0.087916,3.3250999999999997e-06,-3.37e-06,26.215,0.985,0.239348,5.64374,81.0571,19.503,13.4495,30.0,2018-11-10T08:01:51.004,58432.334189859226,-0.09609999999999985,17.549552234743214,17.14060879052128,1.9916596945812544,1.1055084465996359,0.2177427656506503,0.05434776525678586
894158,ZTF18achcxym,2458432.9283449,1,678428340215,20.4626,1,678428340215015026,t,26,678,2,743,2532.51,2248.09,75.148804,44.225533,17.8411,0.0535585,15.1346,17.8444,0.0343,14.6607,20.944000000000003,0.09699999999999999,0.935,-0.01,0.163378,0.003311,2.32,0.983,539.989,2.61817,1.17369,0.7859999999999999,0.7559999999999999,0.338793,0.325862,1.03968,0,0,0.86,0.0,17.6,86257,1.0,17.8247,0.0421,75.1446087,44.2283491,-999.0,21.1754,20.2093,19.6775,0.8642920000000001,6.35279,1,220,2458432.9283449,2458432.9283449,48.3541412353516,0,161070751471062845,161060751506488772,-999.0,21.7038,21.019000000000002,20.436,0.391905,8.83393,161070751446904718,20.9592,19.8137,19.1928,18.7976,0.9574379999999999,14.6404,21,743120102,2458167.604236,2458338.946227,15,t8_f5_c3,55.9889,98.5904,-42.6015,26.2241,5.4598e-06,0.029778,2023.0,-0.07103,5.0165e-06,-5.09e-06,26.155,0.9840000000000001,0.241579,14.6276,-999.0,19.5644,-999.0,30.0,2018-11-10T10:16:48.999,58432.42791665905,0.24109999999999943,17.994321633757522,17.101614569556958,1.9915754044407123,1.1048951239549933,0.2205411906190815,-0.1532216337575214
932023,ZTF18achraxq,2458434.8440394,2,680344030715,19.8372,1,680344030715015050,t,50,680,7,743,366.149,2715.27,74.61653790000003,44.1005798,17.5658,0.047487800000000004,129.504,17.8072,0.0524,1.63421,22.335,0.3,1.186,-0.42,0.27357600000000004,0.241446,6.78,0.983,365.23,2.02999,0.466208,0.981,0.93,0.14469,0.137168,1.05484,6,0,0.523333,0.0,17.6,86257,0.989899,17.9168,0.0747,74.6160093,44.1003214,18.3337,17.6048,17.1947,16.9593,0.883083,5.44156,1,217,2458434.8440394,2458434.8440394,37.0997085571289,0,160920746176052888,160910746149899943,-999.0,-999.0,20.9861,20.42,0.059583300000000006,5.80724,160920746189792454,17.0568,15.8012,14.5841,14.0404,0.9955950000000001,7.1383399999999995,28,743120207,2458154.685637,2458336.965822,15,t8_f5_c3,53.7829,66.2499,-12.467,26.2138,1.4800999999999998e-06,0.023098,1981.0,0.090682,2.0553e-06,-1.69e-06,26.285999999999998,0.79,0.208312,5.43861,19.4874,17.4489,10.6509,30.0,2018-11-12T08:15:25.004,58434.343611158896,-0.03420000000000201,17.49510937969778,16.31512007839274,1.989846503153879,1.0927492340883933,0.23818267330573928,0.07069062030221929
941139,ZTF18achuhze,2458434.9084375,1,680408434915,20.0839,1,680408434915015003,t,3,680,49,702,2263.16,608.6709999999999,74.5968002,44.0959777,17.8291,0.0732752,8.9463,17.8615,0.0387,6.4004199999999996,20.851,0.12300000000000001,2.162,0.33299999999999996,-0.111268,0.032411,3.55,0.982,608.6709999999999,2.22241,0.9523950000000001,1.082,1.062,0.304789,0.299155,1.01883,0,0,0.766667,0.0,17.6,86257,1.0,17.8506,0.0483,74.5992992,44.0959082,20.986,20.0714,19.5909,19.3349,0.902625,6.28412,1,158,2458434.9084375,2458434.9084375,41.9314384460449,0,160910745992105632,160910745977153641,20.9957,20.0774,19.545,19.2654,0.947667,6.89575,160910745936597656,-999.0,-999.0,21.1489,21.0526,0.00565476,9.33956,27,702120149,2458168.650498,2458351.967431,15,t8_f5_c3,22.3086,56.5574,-34.2488,26.2631,2.8386000000000002e-06,0.022096,2051.0,-0.046471,5.1116e-06,-3.67e-06,26.230999999999998,0.691,0.196506,6.26286,18.4442,19.8946,13.5634,30.0,2018-11-12T09:48:09.000,58434.40800925903,0.22909999999999897,17.940701047549798,16.287944270225488,1.98978818406894,1.092352619119292,0.24016587730838887,-0.11160104754979727
1004597,ZTF18acmzgix,2458437.8654167005,2,683365415215,20.1734,1,683365415215015021,t,21,683,52,702,1042.95,1521.39,73.69361740000002,43.8533018,17.202,0.039675699999999994,11.398,17.2301,0.0246,6.9753300000000005,18.326,0.026000000000000002,1.2590000000000001,-0.085,-0.510969,0.028092000000000002,2.47,0.983,1042.95,2.94328,1.16006,0.86,0.843,0.34817800000000004,0.341296,1.02017,1,0,0.83,0.0,17.5,86257,1.0,17.2111,0.0301,73.6934871,43.855258,19.0853,18.3831,18.0255,17.8351,0.964083,6.995480000000001,1,159,2458437.8654167005,2458437.8654167005,64.5807723999023,0,160620736934796953,160620736924971918,-999.0,21.534000000000002,20.6234,20.2228,0.936833,8.60705,160620736890277417,20.99,20.0904,19.5568,19.3423,0.9431870000000001,14.5221,28,702120252,2458160.724236,2458367.994375,15,t8_f5_c3,52.942,122.429,-69.4868,26.22,1.1269e-06,0.021005000000000003,1986.0,0.090357,2.4518e-06,-1.6e-06,26.276999999999997,0.619,0.18399100000000002,6.98539,33.723,18.2855,13.1604,30.0,2018-11-15T08:46:12.003,58437.36498845975,-0.29799999999999827,17.414534422647296,15.058504629627393,1.9870965262149947,1.075065019802908,0.26790726567721035,-0.21253442264729472
1015859,ZTF18acnahmi,2458437.9101968,1,683410195215,20.3858,1,683410195215015023,t,23,683,52,702,1052.3,1540.81,73.6785095,43.849124,17.8798,0.0729248,9.21529,17.8864,0.0341,11.6397,22.261,0.27399999999999997,0.826,-0.091,0.435921,0.006638,2.81,0.982,1052.3,2.4994,1.0821100000000001,1.003,0.935,0.356939,0.33274000000000004,1.07273,0,0,0.806667,0.0,17.5,86257,1.0,17.8388,0.0409,73.674497,43.8475884,-999.0,-999.0,21.4377,20.9657,0.746476,5.014880000000001,1,160,2458437.9101968,2458437.9101968,49.06269836425779,0,160620736784751268,160610736743077735,22.0533,20.9947,20.419,20.0208,0.888542,12.2727,160610736819264512,-999.0,-999.0,20.7945,20.0496,0.9232799999999999,17.7557,17,702120152,2458168.650498,2458348.991968,15,t8_f5_c3,31.5003,73.4148,-41.9145,26.3178,2.4659999999999998e-06,0.020831,1989.0,-0.044015,5.3954e-06,-3.51e-06,26.291,0.617,0.18507300000000002,12.2557,39.4336,20.7177,13.6559,30.0,2018-11-15T09:50:41.004,58437.40976855905,0.37979999999999947,17.860691441825338,15.039466759388374,1.9870555583932026,1.0748175061216922,0.26894958777995187,0.019108558174661283
1072462,ZTF18acnmdqs,2458438.902916701,1,684402915215,20.1847,1,684402915215015061,t,61,684,52,702,1888.23,1891.69,73.3552042,43.7535014,17.967,0.0756828,8.271289999999999,17.8653,0.0484,9.56529,19.19,0.036000000000000004,1.4069999999999998,-0.085,1.02728,-0.10170599999999999,2.39,0.985,1184.27,2.31942,1.04199,0.8420000000000001,0.731,0.35230100000000003,0.305858,1.15185,0,0,0.723333,0.0,17.5,86257,1.0,17.896,0.0628,73.353153,43.7512528,-999.0,21.8598,21.4834,20.9557,0.49878,8.404860000000001,1,162,2458438.902916701,2458438.902916701,34.9113426208496,0,160500733523593579,160500733531222106,19.2011,18.4144,18.0016,17.7995,0.996667,9.79751,160500733596156266,22.0939,21.252,20.6478,20.2892,0.974125,12.2736,14,702120152,2458168.650498,2458348.991968,15,t8_f5_c3,34.1036,63.1957,-29.0921,25.778000000000002,2.129e-06,0.020588,1981.0,-0.056272,4.6436e-06,-3.02e-06,25.741999999999997,0.618,0.185146,9.79721,56.0455,18.2633,12.5512,30.0,2018-11-16T09:40:12.003,58438.40248845983,0.46699999999999875,17.83474051387967,14.626467653930705,1.986145796422898,1.0694255829536239,0.27806727049217184,0.13225948612032923
1096405,ZTF18acpfoju,2458440.9068981004,1,686406895315,18.214000000000002,1,686406895315015055,t,55,686,53,702,557.98,2689.91,72.675399,43.5384774,18.1665,0.178431,0.879366,18.281,0.4844,3.57709,18.657,0.019,0.5710000000000001,-0.018000000000000002,-1.36668,0.114499,1.96,0.867,390.592,-0.06701560000000001,1.09099,0.64,0.5329999999999999,0.326531,0.271939,1.20075,7,0,0.466667,0.0,17.4,86257,0.868251,17.8249,0.4087,72.67678409999998,43.53844160000001,18.6414,17.9455,17.6186,17.4395,0.988375,3.62354,1,167,2458440.9068981004,2458440.9068981004,7.6090726852417,0,160240726767766781,160240726795245466,20.2527,19.4443,19.0279,18.8096,0.962167,11.5337,160250726773180921,17.1112,16.5391,16.2951,16.1642,0.995,13.2323,14,702120153,2458167.605787,2458348.991968,15,t8_f5_c3,5.84117,8.438360000000001,-2.5971900000000003,23.8615,1.96248e-05,0.048862,1824.0,-0.044644,4.307060000000001e-05,-2.811e-05,23.835,0.63,0.172157,3.6212400000000002,43.7954,17.8417,13.9766,30.0,2018-11-18T09:45:55.996,58440.406469859656,0.7665000000000006,17.78341892816727,13.799316907413143,1.9843003033737783,1.0591809604341045,0.29591888415028667,0.38308107183273066
1137210,ZTF18acpvgxb,2458441.9517014,1,687451705415,20.7339,1,687451705415015000,t,0,687,54,702,1488.13,40.4315,72.30739870000002,43.41434520000001,17.7571,0.0502342,13.6292,17.6971,0.0259,2.9243799999999998,19.113,0.023,0.654,-0.013999999999999999,0.284572,-0.059966,2.25,0.983,40.4315,3.03681,1.17887,0.8390000000000001,0.82,0.37288899999999997,0.364444,1.0231700000000001,1,0,0.833333,0.0,17.4,86257,1.0,17.6667,0.0312,72.3065321,43.4138136,19.1005,17.9303,17.3069,16.9486,1.0,3.00605,1,96,2458441.9517014,2458441.9517014,53.9629516601562,0,160090723065377210,160100723072640174,-999.0,21.9798,21.2402,20.7351,0.805429,6.913639999999999,160090723102898593,18.0648,17.3574,17.0223,16.8452,1.0,7.8812,25,702120154,2458168.650498,2458349.944178,15,t8_f5_c3,40.7409,102.943,-62.2018,26.2801,2.3129e-06,0.019998,2090.0,-0.050076,4.9644e-06,-3.27e-06,26.248,0.632,0.17618499999999998,3.0057099999999997,-999.0,17.6641,-999.0,30.0,2018-11-19T10:50:27.001,58441.451273159124,0.35710000000000264,17.75734728913226,13.374269289072473,1.9833334344152767,1.0541893950414791,0.3044786787760193,-0.00024728913225757765
1194896,ZTF18acrknxs,2458449.8184144,2,695318414115,20.1862,1,695318414115015000,t,0,695,41,702,2741.17,525.941,69.332801,42.2114495,16.8468,0.0373634,16.3974,16.8347,0.0201,6.58838,21.919,0.17600000000000002,1.073,-0.24600000000000002,0.0453584,-0.012107,1.92,0.9840000000000001,331.33099999999996,3.3515300000000003,1.2389700000000001,0.731,0.6759999999999999,0.380729,0.352083,1.08136,0,0,0.84,0.0,17.2,86257,1.0,16.8476,0.0254,69.33492890000001,42.21047670000001,-999.0,21.6993,20.8684,20.3423,0.874768,6.60875,1,134,2458449.8184144,2458449.8184144,64.76800537109379,0,158650693348213208,158650693350461839,-999.0,21.9211,20.9203,20.3191,0.867131,9.631219999999999,158650693362995744,18.9207,18.0581,17.6405,17.4264,0.992292,10.196,14,702120241,2458160.724236,2458432.834167,15,t8_f5_c3,79.2309,151.209,-71.97800000000001,26.3608,2.4096e-06,0.02472,2062.0,0.10616199999999999,4.2742000000000005e-06,-3.12e-06,26.438000000000002,0.7070000000000001,0.174432,10.1925,87.7389,17.9287,11.3027,30.0,2018-11-27T07:38:31.004,58449.31798615912,-0.3531999999999975,17.13915211977719,10.568550265017981,1.975954158530447,1.0246113765841758,0.36036129882074475,-0.29235211977718834
1197238,ZTF18acrlrao,2458449.9004051,2,695400404115,20.06,1,695400404115015004,t,4,695,41,702,2817.34,567.219,69.29911259999999,42.19627979999999,16.7608,0.039565499999999997,40.0308,16.7075,0.0202,4.83231,21.163,0.057,0.29600000000000004,-0.017,-0.09375750000000001,-0.053318,1.79,0.9840000000000001,255.16099999999997,3.3525099999999997,1.30651,0.716,0.655,0.4,0.36592199999999997,1.09313,2,0,0.843333,0.0,17.2,86257,0.997334,16.6748,0.0246,69.3008684,42.1966785,-999.0,21.4032,19.9915,19.3163,0.943708,4.84854,1,135,2458449.9004051,2458449.9004051,78.5986633300781,0,158630693008006578,158630692968137551,21.3378,20.0441,19.4254,19.0496,0.995417,7.315930000000001,158630692953035030,19.3537,18.2467,17.6336,17.3002,0.99875,10.2567,20,702120241,2458160.724236,2458432.834167,15,t8_f5_c3,60.2899,140.86,-80.5704,26.3268,2.9978e-06,0.025988,2073.0,0.106228,5.324e-06,-3.89e-06,26.404,0.7070000000000001,0.173949,7.3249699999999995,-999.0,19.8565,-999.0,30.0,2018-11-27T09:36:35.001,58449.399976859335,-0.4391999999999996,17.137701259123883,10.544985108450001,1.9758763555017465,1.024383157179597,0.36213094210730334,-0.3769012591238834
1210664,ZTF18acrujrz,2458450.8524653,2,696352464415,20.1113,1,696352464415015002,t,2,696,44,702,276.97700000000003,1181.63,68.9233326,42.0176695,17.7677,0.0504801,10.4636,17.7294,0.0429,9.150780000000001,20.750999999999998,0.054000000000000006,0.841,0.096,0.34403,-0.038308,2.27,0.987,276.97700000000003,2.3818900000000003,1.1526399999999999,0.802,0.768,0.353304,0.338326,1.04427,0,0,0.89,0.0,17.2,86257,1.0,17.7241,0.0541,68.9212617,42.0156084,22.0625,20.9178,19.9728,19.543,0.96975,9.24054,1,148,2458450.8524653,2458450.8524653,48.64977645874021,0,158410689212619370,158410689258539192,-999.0,21.1576,20.5027,20.1168,0.961292,10.4707,158420689271860888,17.9197,17.5741,17.4226,17.3122,0.99875,10.7166,13,702120244,2458160.724236,2458384.014155,15,t8_f5_c3,39.1825,74.0356,-34.8532,26.2657,1.9045e-06,0.020919999999999998,2061.0,0.095729,3.2881e-06,-2.44e-06,26.336,0.713,0.165694,10.71,32.6209,17.5042,13.7058,30.0,2018-11-28T08:27:33.002,58450.35203705915,0.5677000000000021,17.121646370153993,10.288900991557613,1.9749716202497511,1.0218236294667258,0.3671843457513657,0.6460536298460084
1223803,ZTF18acrwsde,2458450.9214931,1,696421494415,19.6838,1,696421494415015002,t,2,696,44,702,351.431,1222.5,68.8948718,42.0042219,18.3026,0.09284010000000001,4.23033,18.2731,0.10800000000000001,5.39556,22.675,0.33,0.987,-0.297,-0.574821,-0.029547000000000004,2.51,1.0,351.431,1.41069,0.9850770000000001,0.7659999999999999,0.7040000000000001,0.305179,0.280478,1.08807,4,0,0.776667,0.0,17.2,86257,0.978044,18.171,0.1259,68.8945143,42.00273,-999.0,-999.0,21.2415,20.6235,0.983381,10.2043,1,149,2458450.9214931,2458450.9214931,22.0248622894287,0,158400688924313044,158400688971428563,-999.0,21.3838,20.6281,20.2512,0.0956845,10.4878,158400688885807438,21.5769,20.2788,19.5105,19.1636,0.990417,17.6394,18,702120144,2458168.650498,2458364.970903,15,t8_f5_c3,16.1436,26.8327,-10.6892,25.9996,5.977100000000001e-06,0.025825999999999998,2057.0,-0.04546,1.02856e-05,-7.64e-06,25.967,0.713,0.169468,17.6399,-999.0,19.9848,-999.0,30.0,2018-11-28T10:06:57.004,58450.421064859256,1.1026000000000025,17.567876926963923,10.270975626125228,1.974905930959504,1.0216511766695384,0.3677444966089354,0.7347230730360792
1236184,ZTF18acsnqli,2458455.8537616003,2,701353760315,19.6871,2,701353760315015005,t,5,701,3,1741,1984.31,925.02,66.9374703,40.9674615,16.9222,0.04459280000000001,9.85258,16.9184,0.0322,3.34954,22.3,0.32899999999999996,0.73,-0.146,-1.29902,-0.003807,2.03,0.983,925.02,2.76867,1.23301,0.728,0.703,0.358621,0.34630500000000003,1.03556,1,0,0.886667,0.0,17.1,86257,1.0,16.912,0.0402,66.937073,40.9665684,-999.0,-999.0,21.5913,20.8454,0.641625,3.06842,1,170,2458455.8537616003,2458455.8537616003,54.2541427612305,0,157160669363641744,157150669344717956,18.3668,17.5189,17.0949,16.8604,0.9975,13.6179,157160669351505962,-999.0,-999.0,21.6415,20.7435,0.930542,14.8758,14,1741120203,2458356.872477,2458449.850602,18,t8_f5_c3,51.7712,99.6461,-47.8749,25.5662,6.9536e-06,0.030269,2164.0,0.089533,1.0710599999999999e-05,-8.43e-06,25.638,0.765,0.17138399999999998,13.6173,-999.0,17.371,-999.0,30.0,2018-12-03T08:29:25.002,58455.35333335959,-0.1778000000000013,17.062941579838462,9.437024497932345,1.9701805574422848,1.0121263860497558,0.3894866326633595,-0.14074157983846192
1247106,ZTF18acskalj,2458455.7838889,2,701283884615,20.5417,1,701283884615015013,t,13,701,46,702,2588.91,1555.5,66.9662316,40.9834147,17.1887,0.0467131,43.0208,17.1889,0.02,8.11105,19.752,0.033,0.958,-0.013999999999999999,0.329523,0.00018,2.18,0.9840000000000001,483.595,3.35282,1.14701,0.769,0.7070000000000001,0.352752,0.324312,1.08769,2,0,0.833333,0.0,17.1,86257,1.0,17.166,0.0242,66.9691976,40.9829782,20.9527,19.8034,19.2769,18.9318,0.981417,8.21301,1,144,2458455.7838889,2458455.7838889,79.9522171020508,0,157180669691920197,157170669631149308,-999.0,-999.0,21.7542,20.8827,0.881274,9.3748,157180669735380479,-999.0,-999.0,21.7735,20.9596,0.7696430000000001,19.9193,8,702120246,2458160.724236,2458376.926748,15,t8_f5_c3,91.1067,180.195,-89.0883,26.2427,1.9211e-06,0.020753,2182.0,0.089049,3.2757e-06,-2.45e-06,26.308000000000003,0.72,0.169009,8.213,58.7653,19.6308,13.8988,30.0,2018-12-03T06:48:48.001,58455.283460659455,0.08869999999999933,17.06341139874977,9.442161466788653,1.970247925811267,1.0122171148664463,0.3873615842439337,0.12528860125022945
1247306,ZTF18acskalj,2458455.7834259,2,701283423515,20.5325,1,701283423515015065,t,65,701,35,701,2520.59,1709.01,66.96640670000001,40.9835199,17.1803,0.0387033,34.3459,17.1895,0.0199,7.66639,19.734,0.032,1.057,-0.08900000000000001,0.55603,0.009222,2.13,0.9840000000000001,551.908,3.3430400000000002,1.18103,0.736,0.718,0.34554,0.33708899999999997,1.0250700000000001,1,0,0.773333,0.0,17.1,86257,1.0,17.1942,0.0247,66.9691788,40.9829962,20.9527,19.8034,19.2769,18.9318,0.981417,7.83418,1,23,2458455.7834259,2458455.7834259,66.7572708129883,0,157180669691920197,157170669631149308,-999.0,-999.0,21.7542,20.8827,0.881274,9.97087,157180669735380479,-999.0,-999.0,21.7735,20.9596,0.7696430000000001,19.4617,8,701120235,2458160.7379400004,2458447.902361,38,t8_f5_c3,114.488,189.12599999999998,-74.6373,26.2843,1.7028e-06,0.019862,2155.0,0.088437,2.8865e-06,-2.16e-06,26.35,0.7240000000000001,0.16761199999999998,7.834160000000001,59.0379,19.6308,13.8988,30.0,2018-12-03T06:48:07.998,58455.28299765894,0.0802999999999976,17.06341455315905,9.442195385602124,1.9702483721773139,1.012217737606892,0.3873410779118815,0.11688544684094992
1256715,ZTF18acskuox,2458455.7929977,2,701292993515,20.535999999999998,1,701292993515015066,t,66,701,35,701,2534.32,1718.17,66.9624673,40.9813463,17.134,0.0390192,25.32,17.1432,0.019,13.1427,21.029,0.09,1.65,0.212,0.64846,0.009205,2.08,0.983,538.178,3.39278,1.21664,0.745,0.723,0.358173,0.347596,1.03043,0,0,0.78,0.0,17.1,86257,1.0,17.1199,0.0229,66.96436010000001,40.9779382,-999.0,-999.0,21.7542,20.8827,0.881274,3.7276199999999995,1,24,2458455.7929977,2458455.7929977,58.59455871582029,0,157170669631149308,157170669643144098,21.7799,21.3487,21.2466,20.5687,0.001875,13.4725,157170669665204114,-999.0,-999.0,21.5601,20.8819,0.897458,16.6406,8,701120235,2458160.7379400004,2458447.902361,38,t8_f5_c3,60.0955,154.023,-93.9273,26.293000000000003,1.7554e-06,0.019457,2157.0,0.08357200000000001,2.9791000000000004e-06,-2.23e-06,26.355,0.723,0.168019,19.1948,54.8732,19.6308,13.8988,30.0,2018-12-03T07:01:55.001,58455.29256945942,0.03399999999999892,17.063349454125497,9.441493930755996,1.9702391441612301,1.01220492094676,0.38774888954615,0.07065054587450348
1270217,ZTF18acslxbm,2458455.8171296003,2,701317124615,20.1559,1,701317124615015009,t,9,701,46,702,2628.62,1582.31,66.9525478,40.9758454,17.0629,0.0453057,22.406999999999996,17.0492,0.0223,2.94611,18.46,0.018000000000000002,0.655,-0.034,-0.185134,-0.013734999999999999,2.9,0.983,443.885,3.10675,0.952449,0.9159999999999999,0.8420000000000001,0.315862,0.29034499999999996,1.08789,0,0,0.84,0.0,17.1,86257,1.0,17.0295,0.0271,66.9517981,40.9752406,19.9325,18.564,17.9407,17.5711,0.989125,2.99858,1,145,2458455.8171296003,2458455.8171296003,72.4510803222656,0,157170669518280917,157160669477659911,-999.0,-999.0,21.3517,20.7849,0.986778,14.0503,157170669473634062,19.9416,19.229,18.8627,18.6758,0.99875,15.8748,12,702120246,2458160.724236,2458376.926748,15,t8_f5_c3,57.4952,131.418,-73.9224,26.1559,3.39e-06,0.023524,2175.0,0.083988,5.7796000000000005e-06,-4.32e-06,26.218000000000004,0.72,0.167925,2.99892,58.0403,18.3387,13.8988,30.0,2018-12-03T07:36:39.997,58455.31670135959,-0.03710000000000235,17.063186373013618,9.439722733929129,1.970215877994538,1.0121731473351356,0.38862047304016883,-0.00028637301361911227
1284236,ZTF18acsnqli,2458455.8542245,2,701354223515,19.7763,1,701354223515015032,t,32,701,35,701,2595.75,1767.43,66.93728730000001,40.9673578,16.9426,0.05038719999999999,23.798000000000002,17.035999999999998,0.0319,2.37988,23.025,0.32799999999999996,0.642,-0.479,0.557272,0.093405,2.27,0.986,476.74800000000005,2.7403299999999997,1.13334,0.73,0.672,0.32158600000000004,0.296035,1.08631,2,0,0.83,0.0,17.1,86257,1.0,17.0659,0.0412,66.9364572,40.9675933,-999.0,-999.0,21.5913,20.8454,0.641625,2.67392,2,26,2458455.8537616003,2458455.8542245,67.0184860229492,0,157160669363641744,157150669344717956,18.3668,17.5189,17.0949,16.8604,0.9975,13.0221,157160669351505962,-999.0,-999.0,21.6415,20.7435,0.930542,15.0074,13,701120235,2458160.7379400004,2458447.902361,38,t8_f5_c3,55.0063,111.815,-56.8087,25.8676,3.3721e-06,0.022956999999999998,2146.0,0.078463,5.7151e-06,-4.28e-06,25.926,0.723,0.169146,13.0216,-999.0,17.371,-999.0,30.0,2018-12-03T08:30:04.997,58455.353796259034,-0.15740000000000265,17.062938507160467,9.436990319700671,1.9701801110938795,1.0121258063361152,0.3894939128780799,-0.12033850716046857
1372981,ZTF18actzpbv,2458457.7228125,2,703222810215,20.0255,2,703222810215015013,t,13,703,2,1741,806.6080000000001,2531.87,66.20660629999999,40.5292883,17.6015,0.0493152,7.58028,17.573,0.0351,4.78943,20.261,0.047,0.622,0.004,-0.7432449999999999,-0.028547000000000003,2.8,0.983,548.627,2.45253,1.09704,0.973,0.953,0.3475,0.340357,1.02099,0,0,0.9,0.0,17.1,86257,1.0,17.5295,0.0426,66.2048835,40.5296065,21.2329,20.1221,19.6093,19.3059,0.9961899999999999,4.8836699999999995,1,2,2458457.7228125,2458457.7228125,51.868831634521506,0,156630662048646154,156630662063583195,19.6818,18.3615,17.0097,16.4022,1.0,7.809489999999999,156630662062978684,-999.0,21.6604,20.8083,20.2982,0.979833,8.70739,12,1741120202,2458356.872477,2458449.850602,16,t8_f5_c3,33.9359,78.0091,-44.0731,26.1335,2.7699e-06,0.020415,2178.0,0.076363,3.9513e-06,-3.24e-06,26.195999999999998,0.794,0.169904,4.88396,-999.0,20.0407,-999.0,30.0,2018-12-05T05:20:51.000,58457.22238425911,0.5015000000000001,17.05421097275866,9.373517999574991,1.968374082979546,1.0101470317757797,0.3900745687706015,0.5472890272413409
1373008,ZTF18actzpbv,2458457.7218981003,2,703221894815,19.8962,2,703221894815015004,t,4,703,48,1699,3031.31,410.18,66.2069564,40.5294938,17.6055,0.0614549,4.41348,17.6711,0.0417,5.6493,20.104,0.051,0.963,0.053,-0.472808,0.065553,3.49,0.982,41.18600000000001,2.22512,0.9039799999999999,0.978,0.953,0.280229,0.273066,1.02623,0,0,0.863333,0.0,17.1,86257,1.0,17.6871,0.0535,66.2048726,40.5296424,21.2329,20.1221,19.6093,19.3059,0.9961899999999999,5.71285,1,2,2458457.7218981003,2458457.7218981003,40.8412284851074,0,156630662048646154,156630662062978684,-999.0,21.6604,20.8083,20.2982,0.979833,8.12907,156630662063583195,19.6818,18.3615,17.0097,16.4022,1.0,8.67313,12,1699120248,2458356.873391,2458448.892766,17,t8_f5_c3,28.7752,61.6418,-32.8667,26.0455,3.7242000000000003e-06,0.023777,2133.0,0.09222899999999999,5.1169e-06,-4.28e-06,26.123,0.813,0.170622,5.71315,-999.0,20.0407,-999.0,30.0,2018-12-05T05:19:31.996,58457.2214698596,0.5054999999999978,17.054213208338172,9.373505057181452,1.9683749688263927,1.0101478533477646,0.3900191197420198,0.5512867916618269
1453293,ZTF18acuwbte,2458462.7838657,2,708283862315,19.4561,1,708283862315015035,t,35,708,23,701,2995.22,1313.09,64.29665279999999,39.2341667,16.8606,0.035160199999999996,9.39776,16.7918,0.0404,7.820289999999999,23.201,0.293,0.445,-0.406,0.541038,-0.068815,1.59,0.9840000000000001,77.2774,2.6642799999999998,1.3467200000000001,0.636,0.564,0.4,0.354717,1.12766,4,0,0.84,0.0,17.1,86257,0.9866520000000001,16.7914,0.0512,64.2980874,39.2322693,20.9503,-999.0,20.1054,-999.0,0.5,12.8774,1,26,2458462.7838657,2458462.7838657,41.53459930419921,0,155080643003034248,155080643011592796,-999.0,-999.0,21.3013,20.8544,0.760208,13.068,155080642924523598,21.5773,20.5341,19.7703,19.3297,0.98575,13.1448,12,701120223,2458160.7379400004,2458447.902361,37,t8_f5_c3,52.84,84.8906,-32.0506,25.4556,1.22326e-05,0.029996,2206.0,0.08388,1.08226e-05,-1.136e-05,25.541999999999998,1.031,0.17061099999999998,13.1508,-999.0,20.2381,-999.0,30.0,2018-12-10T06:48:45.996,58462.28343745928,-0.23939999999999984,17.06944205165035,9.952684899416056,1.9634411657661444,1.0093319968521246,0.3992767736082915,-0.20884205165034686
1484500,ZTF18acvqcmo,2458465.7362384,1,711236230515,20.3114,1,711236230515015001,t,1,711,5,701,2795.67,469.315,63.2606748,38.4165475,18.3525,0.0848526,2.2161,18.3479,0.0462,2.53193,21.235,0.057999999999999996,0.8320000000000001,-0.028999999999999998,0.242258,-0.004608,3.61,0.981,276.82599999999996,1.96348,1.00881,1.148,1.073,0.318006,0.29723,1.0699,0,0,0.736667,0.0,17.2,86257,1.0,18.3137,0.0563,63.2614997,38.4168403,21.0523,19.7061,18.7955,18.2758,0.998333,2.41407,1,39,2458465.7362384,2458465.7362384,39.861400604248,0,154100632614420782,154090632607119436,-999.0,-999.0,21.3246,20.7953,0.637875,3.24607,154100632570832709,-999.0,-999.0,20.8083,19.688,0.909875,12.135,7,701120105,2458168.624016,2458422.934826,16,t8_f5_c3,17.357,50.0683,-32.7113,26.3505,6.41707e-05,0.053623000000000004,689.0,-0.083229,4.0685999999999996e-05,-4.975e-05,26.253,1.251,0.28679299999999996,2.4180099999999998,-999.0,19.2913,-999.0,30.0,2018-12-13T05:40:10.998,58465.23581015925,1.1524999999999999,17.5485046775593,10.731530163513478,1.9605370257818995,1.0119207965095167,0.39535825213636694,0.8039953224406986
1488067,ZTF18acvqotl,2458465.7608681,2,711260860515,20.3689,1,711260860515015005,t,5,711,5,701,2819.11,497.778,63.25197239999999,38.4095972,17.8113,0.0454716,6.81123,17.788,0.0364,12.8944,22.96,0.31,0.674,-0.052000000000000005,-0.233621,-0.023272,2.31,0.9840000000000001,253.387,2.58092,1.13373,0.769,0.732,0.3329,0.31688299999999997,1.05055,0,0,0.843333,0.0,17.2,86257,1.0,17.8095,0.0466,63.2500103,38.4128795,-999.0,-999.0,21.7936,20.9517,0.912292,9.44871,1,40,2458465.7608681,2458465.7608681,54.396366119384794,0,154090632552702521,154090632601780821,-999.0,-999.0,-999.0,21.2752,0.694958,23.4315,154080632591617109,26.993000000000002,21.1925,19.7738,18.9718,0.967417,25.348000000000003,3,701120205,2458160.7379400004,2458423.826412,15,t8_f5_c3,53.5603,96.2142,-42.6539,26.2613,1.00645e-05,0.035074,868.0,0.09586,5.6983e-06,-7.38e-06,26.386999999999997,1.339,0.295004,37.3013,-999.0,19.2913,-999.0,30.0,2018-12-13T06:15:39.004,58465.260439859245,0.6113,17.101488785686314,10.739391582786574,1.9605127197219634,1.01195119221616,0.3963878885264506,0.7098112143136852
1527808,ZTF18acwuipd,2458468.7805324,2,714280531115,20.3568,1,714280531115015001,t,1,714,11,701,2060.93,519.9259999999999,62.2692838,37.5372536,16.7255,0.0389589,9.43251,16.7421,0.0163,5.32179,19.605999999999998,0.021,0.43200000000000005,0.023,0.23083299999999998,0.016630000000000002,1.96,0.9840000000000001,519.9259999999999,3.6146599999999998,1.24708,0.718,0.61,0.366327,0.311224,1.17705,0,0,0.836667,0.0,17.2,86257,1.0,16.7319,0.0198,62.271168,37.537309,20.9917,19.7595,18.4575,17.8467,0.935833,5.35471,1,30,2458468.7805324,2458468.7805324,54.5219383239746,0,153040622711395365,153040622719146364,-999.0,21.9411,21.7362,20.9765,0.408891,8.19187,153040622713303168,21.7701,20.3487,19.4457,18.9754,0.391818,8.72564,9,701120211,2458160.7379400004,2458447.902361,32,t8_f5_c3,181.46099999999998,280.613,-99.1513,26.2215,2.4713999999999997e-06,0.018677000000000003,2143.0,0.06539,4.5856e-06,-3.29e-06,26.268,0.6829999999999999,0.157271,5.35691,19.5927,19.0381,11.9833,30.0,2018-12-16T06:43:57.999,58468.28010415893,-0.47449999999999903,17.14696823514321,11.782222107359338,1.9575231912516535,1.01691139073619,0.39103712477250246,-0.42146823514320886
1630005,ZTF18acyqmld,2458471.7071644,2,717207162415,18.9805,2,717207162415015023,t,23,717,24,1699,3024.06,688.346,61.40447460000001,36.666751299999994,17.4499,0.045081199999999995,2.41438,17.4872,0.0879,7.3652,22.566999999999997,0.35,0.828,-0.218,22.3998,0.037302999999999996,2.68,0.963,48.4384,1.49328,1.0484,0.774,0.75,0.288806,0.279851,1.032,0,0,0.766667,0.0,17.3,86257,1.0,17.5041,0.1144,61.40385500000001,36.6687643,-999.0,-999.0,21.2911,20.6005,0.81394,12.6199,1,1,2458471.7071644,2458471.7071644,29.9748859405518,0,152000614088491413,151990614043436045,19.5318,18.6138,18.15,17.9066,0.99875,13.9959,152000614093710605,-999.0,22.1819,21.6899,20.9978,0.8154170000000001,14.1778,7,1699120224,2458356.873391,2458457.7218979998,15,t8_f5_c3,14.5174,35.0407,-20.5233,26.1269,9.139400000000001e-06,0.034062,2145.0,0.071164,1.78935e-05,-1.245e-05,26.176,0.662,0.163417,13.994000000000002,19.2894,18.4653,13.8248,30.0,2018-12-19T04:58:19.004,58471.20673615905,0.1498999999999988,17.200186585366282,12.951818354353266,1.9546083231715923,1.0238786880829167,0.37897752116382966,0.24971341463371743
1638841,ZTF18acyqmld,2458471.7067014,2,717206705715,18.5848,1,717206705715015052,t,52,717,57,656,801.387,1483.61,61.4046199,36.6668917,17.3112,0.07616569999999999,2.49805,17.2879,0.0947,8.85977,22.246,0.19899999999999998,0.622,-0.09699999999999999,7.62172,-0.0233,4.74,0.409,801.387,1.29692,0.657088,1.094,1.004,0.230802,0.21181399999999997,1.08964,1,0,0.636667,0.0,17.3,86257,1.0,17.1852,0.1105,61.4063613,36.6648275,-999.0,-999.0,21.2911,20.6005,0.81394,12.1306,1,32,2458471.7067014,2458471.7067014,23.5702610015869,0,152000614088491413,152000614093710605,-999.0,22.1819,21.6899,20.9978,0.8154170000000001,13.786,151990614043436045,19.5318,18.6138,18.15,17.9066,0.99875,14.52,7,656120257,2458338.984248,2458437.837569,15,t8_f5_c3,9.62222,25.1915,-15.5692,25.9032,1.34206e-05,0.038926,2030.0,0.076537,2.30721e-05,-1.716e-05,25.959,0.71,0.169575,14.5184,19.4812,18.4653,13.8248,30.0,2018-12-19T04:57:39.001,58471.20627315949,0.011199999999998766,17.200177440957674,12.951618651102418,1.954608785619495,1.0238774430792654,0.3789566466421472,0.1110225590423255
1674425,ZTF18aczbqtd,2458472.7442361,1,718244235715,19.4167,1,718244235715015030,t,30,718,57,656,1647.99,2572.42,61.1190843,36.3542039,17.4254,0.055087300000000006,4.37003,17.4784,0.0605,3.71549,22.95,0.26899999999999996,0.63,-0.18100000000000002,0.7363029999999999,0.05296,2.28,0.983,508.083,1.9383400000000002,1.1953,0.857,0.792,0.375877,0.347368,1.08207,1,0,0.826667,0.0,17.3,86257,1.0,17.3977,0.0718,61.1197684,36.3533159,18.5942,17.7399,17.3124,17.082,0.992917,10.0168,1,35,2458472.7442361,2458472.7442361,41.4269409179688,0,151620611161957522,151620611232114868,-999.0,21.7224,21.6966,-999.0,0.0953869,12.210999999999999,151620611167189250,-999.0,-999.0,21.8256,21.0395,0.826092,12.8518,8,656120157,2458168.621227,2458428.807176,15,t8_f5_c3,23.2906,48.7237,-25.4331,26.3114,1.28109e-05,0.037776,2085.0,-0.06418099999999999,2.2508200000000002e-05,-1.656e-05,26.266,0.7020000000000001,0.167196,10.0177,61.5286,17.5708,12.8387,30.0,2018-12-20T05:51:41.999,58472.24380785926,0.12539999999999907,17.668089026471954,13.39277858233484,1.953571473575953,1.026843890301554,0.37668899656648186,-0.2426890264719539
1676398,ZTF18aczbxbb,2458472.7665972,2,718266595715,19.5708,1,718266595715015009,t,9,718,57,656,1643.98,2566.16,61.11273249999999,36.3474527,16.8905,0.0361636,4.43653,16.9099,0.0325,6.92908,21.883000000000003,0.166,0.8290000000000001,0.062,0.740073,0.019407,2.07,0.987,514.3380000000001,2.66095,1.2767700000000002,0.7809999999999999,0.722,0.377295,0.348792,1.08172,1,0,0.886667,0.0,17.3,86257,1.0,16.8768,0.0401,61.1111596,36.3459703,-999.0,21.948,21.3098,20.6698,0.443238,10.8925,1,36,2458472.7665972,2458472.7665972,41.329536437988295,0,151610611097185460,151610611169457550,19.5949,18.5472,18.0446,17.7721,0.99875,12.2564,151610611168275336,-999.0,21.6427,20.6175,20.0148,0.0526389,13.6219,7,656120257,2458338.984248,2458437.837569,15,t8_f5_c3,65.008,104.329,-39.3211,26.2075,4.4865e-06,0.024299,2122.0,0.06994700000000001,7.8413e-06,-5.79e-06,26.258000000000003,0.7070000000000001,0.165598,12.2569,87.8608,18.3895,12.8387,30.0,2018-12-20T06:23:53.998,58472.266168959446,-0.4095000000000013,17.22120322513774,13.402649534780753,1.9535490950988699,1.0269109269053576,0.37737876980040597,-0.3307032251377393
1718756,ZTF18aczzkwc,2458475.6123843,1,721112386315,18.9246,1,721112386315015003,t,3,721,63,656,256.968,2542.82,60.396614,35.48279960000001,17.4576,0.058524400000000004,1.78027,17.4654,0.0717,8.98048,22.443,0.184,0.977,-0.013000000000000001,2.6743200000000003,0.007779,3.69,0.9840000000000001,256.968,1.45918,0.963634,1.001,0.862,0.27127399999999996,0.233604,1.16125,0,0,0.713333,0.0,17.3,86257,1.0,17.4738,0.0924,60.3996695,35.4832103,-999.0,22.1319,-999.0,-999.0,0.5,7.11361,1,26,2458475.6123843,2458475.6123843,25.0078430175781,0,150580603988690875,150580603927192072,22.177,21.2577,20.3535,19.92,0.913958,12.8352,150580604010182296,21.2089,20.2685,21.1989,-999.0,0.5,14.9784,7,656120163,2458167.610741,2458437.928819,34,t8_f5_c3,15.8786,40.9253,-25.0466,26.3076,1.94242e-05,0.047859,1548.0,-0.144439,4.4511599999999996e-05,-2.853e-05,26.217,0.603,0.15973900000000002,16.7179,56.8195,16.6624,10.4089,30.0,2018-12-23T02:41:50.003,58475.111956059016,0.15759999999999863,17.728389843856295,14.653800494456698,1.9506936551482121,1.0363730962018158,0.35783907553034117,-0.2707898438562957
1727804,ZTF18adajtlv,2458476.8265972002,2,722326593115,19.9437,2,722326593115015012,t,12,722,31,1699,233.43400000000003,3066.12,60.1159566,35.1127655,16.9349,0.046963599999999994,49.4625,16.9548,0.0288,11.1194,17.214000000000002,0.016,0.5539999999999999,-0.023,-0.743367,0.019922,1.6,0.9840000000000001,14.3843,2.98894,1.39781,0.596,0.5479999999999999,0.3725,0.3425,1.08759,3,0,0.766667,0.0,17.4,86257,1.0,16.8954,0.0345,60.11213860000001,35.1126869,18.0244,17.2513,16.929000000000002,16.7573,1.0,11.2338,1,3,2458476.8265972002,2458476.8265972002,58.630184173584006,0,150130601121355858,150130601155850200,-999.0,22.1111,20.9284,20.5506,0.00270833,17.3719,150130601214653408,20.2453,19.6095,19.3215,19.145,0.9975,18.0352,7,1699120231,2458356.873391,2458455.833472,15,t8_f5_c3,92.62700000000001,142.636,-50.0093,26.2479,2.0645e-06,0.021611000000000002,1933.0,0.085133,4.8176e-06,-3.05e-06,26.3,0.5920000000000001,0.167934,11.2333,86.87700000000001,17.1607,13.4098,30.0,2018-12-24T07:50:17.998,58476.32616895904,-0.4650999999999996,17.30793455128117,15.20316336649813,1.9494709540544752,1.0409703552594018,0.3603489994416794,-0.37303455128117236
1739178,ZTF18adajtlv,2458476.8270602003,2,722327064415,19.9926,1,722327064415015000,t,0,722,44,656,1096.22,140.165,60.1158554,35.1126314,16.9071,0.039731699999999995,23.9908,16.9447,0.0283,4.22505,22.615,0.22399999999999998,0.765,0.18,1.1664700000000001,0.037593,1.59,0.986,140.165,3.04793,1.35781,0.584,0.563,0.367296,0.354088,1.0373,5,0,0.816667,0.0,17.4,86257,0.9916799999999999,16.9609,0.0363,60.1144121,35.112502500000005,18.0244,17.2513,16.929000000000002,16.7573,1.0,10.9332,1,27,2458476.8270602003,2458476.8270602003,47.095386505127,0,150130601121355858,150130601155850200,-999.0,22.1111,20.9284,20.5506,0.00270833,16.8723,150130601214653408,20.2453,19.6095,19.3215,19.145,0.9975,18.1069,7,656120244,2458323.988924,2458447.90191,32,t8_f5_c3,60.3412,119.31299999999999,-58.9719,26.3181,2.1416e-06,0.022133,2125.0,0.076379,4.5195e-06,-3.01e-06,26.368000000000002,0.623,0.178137,10.9328,87.4207,17.1607,13.4098,30.0,2018-12-24T07:50:58.001,58476.32663195953,-0.4928999999999988,17.307945140602087,15.203376982522272,1.9494704873333126,1.0409722210403851,0.3603512136668913,-0.40084514060208676
1753489,ZTF18adascqq,2458480.7708449,1,726270844615,20.3564,1,726270844615015019,t,19,726,46,656,439.087,1263.74,59.3374006,33.9133674,17.8055,0.05560930000000001,5.15134,17.8157,0.0282,1.47102,23.389,0.341,0.514,0.11699999999999999,-0.177016,0.010185,3.32,0.982,439.087,2.54069,1.10733,1.157,1.128,0.348494,0.33975900000000003,1.0257100000000001,0,0,0.77,0.0,17.5,86257,1.0,17.7978,0.0343,59.33724920000001,33.9129739,-999.0,22.0046,20.8926,20.348,0.856625,8.43863,1,84,2458480.7708449,2458480.7708449,57.904300689697294,0,148690593387434162,148700593369501828,-999.0,21.2936,20.8526,20.3163,0.918375,15.1583,148690593341462057,-999.0,21.6081,20.6562,20.0668,0.896548,16.7228,11,656120146,2458168.621227,2458437.928819,15,t8_f5_c3,35.6989,88.0315,-52.3326,26.2705,4.6785e-06,0.03009,2107.0,-0.062078999999999995,1.01001e-05,-6.6e-06,26.232,0.609,0.18979400000000002,19.3567,73.1945,15.3541,13.9597,30.0,2018-12-28T06:30:00.999,58480.270416658845,0.30549999999999855,17.8460882238134,16.99384058582996,1.9454821181738904,1.0581623382900613,0.33854540961297985,-0.040588223813401214
1809586,ZTF18adbcoeg,2458481.7753472,1,727275343515,20.2636,1,727275343515015099,t,99,727,35,655,803.5189999999999,2327.39,59.16935229999999,33.6101198,17.7462,0.0634578,9.21487,17.7487,0.0284,8.62752,21.95,0.128,0.626,-0.141,0.40423600000000004,0.00246,4.12,0.9670000000000001,753.1110000000001,2.51487,0.8977149999999999,1.228,1.149,0.298058,0.278883,1.06876,0,0,0.673333,0.0,17.5,86257,1.0,17.7267,0.0346,59.1668745,33.6114075,21.9059,20.4881,19.9875,19.6415,0.0,8.826080000000001,1,89,2458481.7753472,2458481.7753472,59.7631492614746,0,148330591668014321,148320591680066437,21.0017,19.6595,18.3468,17.76,0.979345,19.4317,148330591671509099,-999.0,-999.0,21.1543,20.1477,0.982917,20.1182,8,655120135,2458168.622373,2458379.975312,16,t8_f5_c3,31.8868,79.7534,-47.8666,26.2702,5.8075e-06,0.031514,2121.0,-0.038798,1.26391e-05,-8.23e-06,26.247,0.607,0.187291,19.4352,-999.0,18.9361,-999.0,30.0,2018-12-29T06:36:29.998,58481.274918959476,0.24620000000000175,17.869899965979965,17.448108489569126,1.9444622970130694,1.0630748408441755,0.33305968094406807,-0.12369996597996291
1817149,ZTF18adbdokr,2458481.8160995,2,727316093515,20.0727,1,727316093515015086,t,86,727,35,655,820.205,2368.23,59.1622806,33.5977378,17.3583,0.0444825,4.3656,17.3755,0.0271,10.0327,15.408,0.022000000000000002,1.083,-0.039,0.310152,0.017171000000000002,2.93,0.983,712.265,2.69722,1.1010799999999998,1.052,1.0090000000000001,0.35904400000000003,0.344369,1.04262,0,0,0.756667,0.0,17.5,86257,1.0,17.3244,0.033,59.1591236,33.5967146,16.0459,15.4558,15.2191,15.1018,0.995,10.2009,1,90,2458481.8160995,2458481.8160995,59.055980682373,0,148310591591126647,148310591638412310,-999.0,22.0626,21.1684,20.5285,0.9882920000000001,17.469,148320591569554627,23.671999999999997,21.3968,19.6738,18.8131,0.925125,25.7902,7,655120235,2458316.970046,2458437.818924,15,t8_f5_c3,36.6654,90.9556,-54.2902,26.2613,2.4278e-06,0.025488,2130.0,0.08881599999999999,5.3336e-06,-3.46e-06,26.318,0.607,0.18370999999999998,10.1987,86.9743,15.3794,12.7533,30.0,2018-12-29T07:35:10.997,58481.31567125907,-0.14170000000000016,17.423544750333026,17.466900392296466,1.9444208906469027,1.0632822421804755,0.3335987315840529,-0.06524475033302579
1849157,ZTF18adbmtgm,2458482.6981944,2,728198196015,19.9882,2,728198196015015002,t,2,728,60,1653,2090.13,448.334,59.02716650000001,33.3330526,17.9801,0.06563569999999999,3.02388,18.0288,0.0546,9.19112,21.756999999999998,0.29100000000000004,1.618,-0.071,0.016619099999999998,0.048659,2.64,0.983,448.334,1.9594200000000002,1.1517899999999999,0.903,0.868,0.342045,0.328788,1.0403200000000001,0,0,0.85,0.0,17.5,86257,1.0,18.0263,0.069,59.0300235,33.3320529,-999.0,-999.0,21.5071,21.0625,0.9233540000000001,8.45678,1,5,2458482.6981944,2458482.6981944,38.4822196960449,0,147990590292418331,148000590316030136,-999.0,21.9785,21.3351,21.0681,0.410071,13.7156,147990590271394928,19.1352,18.3393,17.9717,17.7919,0.99875,16.0414,6,1653120260,2458356.885602,2458449.867002,15,t8_f5_c3,21.7858,51.1179,-29.3321,26.0651,2.5204e-06,0.023207,2158.0,0.06890299999999999,5.4352999999999994e-06,-3.57e-06,26.11,0.609,0.180792,16.0426,-999.0,18.2375,-999.0,30.0,2018-12-30T04:45:23.996,58482.1977661592,0.4801000000000002,17.44456653844868,17.86222068622466,1.943524024717654,1.0677699065877235,0.3252938190963229,0.5355334615513208
2004838,ZTF18adccfoe,2458483.6367477,1,729136741615,20.5005,1,729136741615015008,t,8,729,16,655,1550.78,596.5319999999999,58.89318520000001,33.052538500000004,17.5049,0.0497541,25.6419,17.5479,0.0237,10.2741,22.669,0.305,1.228,-0.32,-0.07720319999999999,0.043032,2.93,0.983,596.5319999999999,2.95262,1.04415,0.946,0.9209999999999999,0.322867,0.314334,1.02714,0,0,0.82,0.0,17.5,86257,1.0,17.5568,0.0293,58.889988,33.051455,-999.0,23.0119,21.7417,21.377,0.465321,13.5684,1,121,2458483.6367477,2458483.6367477,76.0415878295898,0,147660588889403816,147660589000630759,-999.0,21.3568,20.2283,19.6073,0.971958,22.45,-999,-999.0,-999.0,-999.0,-999.0,-999.0,-999.0,2,655120116,2458168.622373,2458379.975312,16,t8_f5_c3,53.9997,124.664,-70.6644,26.2359,4.872799999999999e-06,0.030712,2091.0,-0.059215,9.7557e-06,-6.62e-06,26.2,0.625,0.198639,22.4703,-999.0,20.8695,-999.0,30.0,2018-12-31T03:16:55.001,58483.13631945942,0.004899999999999238,17.914458568966815,18.280706836509875,1.9425684885759023,1.0727276284942795,0.3172912032656389,-0.40955856896681553
2007115,ZTF18adccjmq,2458483.6431597,1,729143152915,20.5756,1,729143152915015006,t,6,729,29,656,1857.7,532.479,58.8922409,33.050668800000004,17.5309,0.0475371,19.4642,17.5049,0.0223,8.23517,22.8,0.17600000000000002,0.42100000000000004,-0.02,-0.170104,-0.025958999999999996,2.75,0.982,532.479,3.0706700000000002,1.06807,0.9470000000000001,0.927,0.344364,0.337091,1.02157,1,0,0.793333,0.0,17.5,86257,1.0,17.482,0.0268,58.8894794,33.050690100000004,-999.0,23.0119,21.7417,21.377,0.465321,13.2209,1,122,2458483.6431597,2458483.6431597,79.74981689453121,0,147660588889403816,147660589000630759,-999.0,21.3568,20.2283,19.6073,0.971958,23.6478,-999,-999.0,-999.0,-999.0,-999.0,-999.0,-999.0,2,656120129,2458168.621227,2458422.932986,15,t8_f5_c3,59.9692,132.93200000000002,-72.9629,26.2649,4.6486e-06,0.030608,2135.0,-0.062126999999999995,9.2007e-06,-6.28e-06,26.226,0.628,0.199652,23.6696,-999.0,20.8695,-999.0,30.0,2018-12-31T03:26:08.998,58483.142731459346,0.03089999999999904,17.91461437517904,18.283629861839486,1.9425619561303678,1.072761574497943,0.31755119585245634,-0.3837143751790393
2012150,ZTF18adccuiy,2458483.6707639,1,729170762915,20.4542,1,729170762915015004,t,4,729,29,656,1885.04,565.948,58.8880843,33.0425094,17.5249,0.041669,4.2232,17.4943,0.0227,4.31096,23.375999999999998,0.33299999999999996,0.545,-0.253,-0.315569,-0.030562,2.94,0.981,565.948,2.95987,1.0771700000000002,1.055,0.9790000000000001,0.358844,0.332993,1.0776299999999999,0,0,0.81,0.0,17.5,86257,1.0,17.4899,0.0278,58.88880740000001,33.0435564,-999.0,21.6029,20.8659,20.3496,0.9425,5.27799,1,123,2458483.6707639,2458483.6707639,67.40789794921879,0,147650588898181229,147650588837581055,-999.0,-999.0,20.9756,20.3846,0.8005800000000001,13.2079,147640588875226334,21.6921,20.8005,20.3507,20.1191,0.9775,15.9356,7,656120129,2458168.621227,2458422.932986,15,t8_f5_c3,58.1383,123.149,-65.0105,26.2639,5.1534000000000005e-06,0.030918,2131.0,-0.048099,1.01958e-05,-6.96e-06,26.235,0.628,0.199406,18.2302,-999.0,14.9856,-999.0,30.0,2018-12-31T04:05:54.001,58483.1703356593,0.024899999999998812,17.91528662076983,18.29622352886231,1.9425338327260298,1.0729083277600107,0.31863549647140427,-0.39038662076983144
2030399,ZTF19aaabmqw,2458486.6412153,2,732141211915,20.3536,1,732141211915015006,t,6,732,19,655,2513.59,677.925,58.5355989,32.168061,18.1692,0.055871199999999996,7.264889999999999,18.1298,0.0501,4.147069999999999,21.201,0.08900000000000001,1.003,0.10099999999999999,0.0980448,-0.039425,2.33,0.983,558.913,2.22379,1.11569,0.815,0.7829999999999999,0.349785,0.33605100000000004,1.04087,0,0,0.826667,0.0,17.6,86257,1.0,18.1244,0.063,58.53431679999999,32.1676332,-999.0,21.2176,20.4139,19.8717,0.03175,4.246230000000001,1,85,2458486.6412153,2458486.6412153,44.1765747070312,0,146600585342901833,146600585370862769,22.1821,21.4959,21.0247,20.5707,0.0,4.8371900000000005,146600585366023786,-999.0,-999.0,21.3569,21.0635,0.5,5.40848,17,655120219,2458316.970046,2458425.829063,16,t8_f5_c3,36.784,61.8581,-25.0741,26.2352,2.7396e-06,0.024978999999999998,1896.0,0.081124,4.6750999999999995e-06,-3.45e-06,26.294,0.6829999999999999,0.200995,13.4091,30.7021,15.7273,12.2744,30.0,2019-01-03T03:23:21.002,58486.140787059456,0.5691999999999986,17.539992806726026,19.596798591461678,1.9395012459599108,1.0897536409380861,0.3005911970024427,0.6292071932739738
