,objectId,jd,fid,pid,diffmaglim,programid,candid,isdiffpos,tblid,nid,rcid,field,xpos,ypos,ra,decl,magpsf,sigmapsf,chipsf,magap,sigmagap,distnr,magnr,sigmagnr,chinr,sharpnr,sky,magdiff,fwhm,classtar,mindtoedge,magfromlim,seeratio,aimage,bimage,aimagerat,bimagerat,elong,nneg,nbad,rb,ssdistnr,ssmagnr,ssnamenr,sumrat,magapbig,sigmagapbig,ranr,decnr,sgmag1,srmag1,simag1,szmag1,sgscore1,distpsnr1,ndethist,ncovhist,jdstarthist,jdendhist,scorr,tooflag,objectidps1,objectidps2,sgmag2,srmag2,simag2,szmag2,sgscore2,distpsnr2,objectidps3,sgmag3,srmag3,simag3,szmag3,sgscore3,distpsnr3,nmtchps,rfid,jdstartref,jdendref,nframesref,rbversion,dsnrms,ssnrms,dsdiff,magzpsci,magzpsciunc,magzpscirms,nmatches,clrcoeff,clrcounc,zpclrcov,zpmed,clrmed,clrrms,neargaia,neargaiabright,maggaia,maggaiabright,obsdate,magcorr
0,ZTF18abcdzdy,2458288.7083796,1,534208373715,20.6345,2,534208373715015030,t,30,534,37,720,864.639,2628.95,227.6286915,41.6754382,18.1919,0.0644362,6.42199,18.2717,0.0451,3.90792,22.743,0.27,0.516,-0.36,0.37345,0.079794,2.21,0.974,451.548,2.36284,1.18066,0.813,0.78,0.367873,0.352941,1.04231,1,0,0.783333,1.0,17.6,138847,1.0,18.3177,0.059,227.6298617,41.674775,-999.0,21.9499,-999.0,21.5133,0.0132083,3.59422,1,383,2458288.7083796,2458288.7083796,47.26175689697271,0,158012276299850926,158002276236137359,-999.0,20.8177,20.1411,19.8099,0.00291667,17.6711,-999,-999.0,-999.0,-999.0,-999.0,-999.0,-999.0,2,720120137,2458166.99081,2458204.960232,16,,,,,,,,,,,,,,,,,,,2018-06-19T05:00:03.997,0.591899999999999
2,ZTF18abcebdf,2458288.7261227,1,534226123715,20.6513,2,534226123715015027,t,27,534,37,720,842.044,2637.17,227.6382616,41.67311779999999,18.1005,0.0613515,2.81668,18.1065,0.0389,6.67823,20.939,0.059,0.879,0.035,0.0923312,0.006036,1.86,0.975,443.335,2.5448,1.39106,0.818,0.749,0.439785,0.402688,1.09212,2,0,0.793333,1.0,17.6,138847,1.0,18.0798,0.0475,227.6400291,41.6717813,-999.0,20.489,20.3735,20.4539,0.5,6.76051,1,384,2458288.7261227,2458288.7261227,47.8483200073242,0,158002276401006845,158002276400746459,21.4501,20.7229,20.4567,20.3907,0.0,6.81685,158012276417683141,21.7948,21.1573,21.065,20.6898,0.0116667,17.5661,4,720120137,2458166.99081,2458204.960232,16,,,,,,,,,,,,,,,,,,,2018-06-19T05:25:37.001,0.5004999999999988
5,ZTF18abceduv,2458288.7385648,2,534238563715,20.5623,2,534238563715015018,t,18,534,37,720,826.461,2650.78,227.6449491,41.6714619,17.3587,0.0459249,46.6822,17.3836,0.0237,4.18796,23.145,0.326,0.412,-0.252,-0.264369,0.024906,2.39,1.0,429.725,3.17867,1.02163,0.71,0.663,0.297071,0.277406,1.07089,2,0,0.82,1.0,17.6,138847,1.0,17.3761,0.0291,227.6437577,41.67223720000001,-999.0,20.489,20.3735,20.4539,0.5,13.5095,1,386,2458288.7385648,2458288.7385648,73.8155212402344,0,158002276401006845,158002276400746459,21.4501,20.7229,20.4567,20.3907,0.0,13.5422,158012276417683141,21.7948,21.1573,21.065,20.6898,0.0116667,22.3997,3,720120237,2458155.0562380003,2458217.953958,20,,,,,,,,,,,,,,,,,,,2018-06-19T05:43:31.999,-0.2413000000000025
12,ZTF18abcelzj,2458288.7638657,2,534263863715,20.6282,2,534263863715015032,t,32,534,37,720,792.785,2656.62,227.65858430000003,41.6680365,17.3073,0.041015,48.2975,17.3386,0.0223,11.3502,22.964,0.36,0.891,-0.683,-0.00305717,0.031294,2.16,1.0,423.88,3.28963,1.09018,0.654,0.635,0.302778,0.293981,1.02992,3,0,0.783333,1.0,17.6,138847,0.986343,17.3546,0.0279,227.65436040000003,41.6675661,22.3036,21.6841,21.225,21.172,0.0,13.2061,1,387,2458288.7638657,2458288.7638657,76.4775772094727,0,158002276542230143,158002276622209153,21.1569,20.8821,-999.0,20.67,0.5,23.3907,158002276623919451,21.3716,20.955,20.8161,20.7129,0.33025,23.4895,5,720120237,2458155.0562380003,2458217.953958,20,,,,,,,,,,,,,,,,,,,2018-06-19T06:19:57.996,-0.29269999999999996
13,ZTF18abcesob,2458288.776794,2,534276793715,20.6095,2,534276793715015018,t,18,534,37,720,772.388,2658.21,227.6655885,41.6662636,17.2596,0.0696065,59.5902,17.293,0.0217,10.1798,22.005,0.186,1.294,-0.089,0.03216,0.033352,1.67,0.984,422.29,3.31648,1.42285,0.63,0.584,0.377246,0.349701,1.07877,8,0,0.716667,1.0,17.6,138847,0.939741,17.2742,0.0263,227.6668945,41.6635731,-999.0,22.0213,20.6933,19.9752,0.991042,10.4196,1,389,2458288.776794,2458288.776794,58.5111083984375,0,157992276668256805,158002276622209153,21.1569,20.8821,-999.0,20.67,0.5,28.9569,158002276623919451,21.3716,20.955,20.8161,20.7129,0.33025,28.9953,3,720120237,2458155.0562380003,2458217.953958,20,,,,,,,,,,,,,,,,,,,2018-06-19T06:38:35.002,-0.3404000000000025
58,ZTF18abcgeqk,2458288.8501157,1,534350113715,20.693,2,534350113715015020,t,20,534,37,720,671.096,2667.31,227.7056099,41.6557579,18.2291,0.0718239,5.73954,18.2497,0.0413,10.9228,22.968,0.331,0.702,-0.229,0.00917778,0.020606,2.1,0.984,413.185,2.44329,1.27549,0.796,0.74,0.379048,0.352381,1.07568,1,0,0.773333,1.0,17.6,138847,1.0,18.2554,0.0519,227.7091733,41.6572982,-999.0,21.6358,20.9277,20.5446,0.0,15.2665,1,390,2458288.8501157,2458288.8501157,46.2754898071289,0,157982277110245909,157982276998973090,22.1194,21.0732,20.6052,20.5576,0.0,20.7372,157992276982190108,22.1265,21.5898,21.3921,21.3155,0.0,21.5081,7,720120137,2458166.99081,2458204.960232,16,,,,,,,,,,,,,,,,,,,2018-06-19T08:24:09.996,0.6290999999999976
99,ZTF18abcebdf,2458288.727037,1,534227033715,20.6901,1,534227033715015040,t,40,534,37,720,841.049,2637.8,227.63876480000002,41.6730066,18.1334,0.0533907,5.56746,18.111,0.0386,5.49799,20.939,0.059,0.879,0.035,-0.131376,-0.022392,2.1,0.981,442.698,2.57906,1.20624,0.808,0.743,0.384762,0.35381,1.08748,0,0,0.796667,1.0,17.6,138847,1.0,18.0883,0.0473,227.64002909999996,41.6717813,-999.0,20.489,20.3735,20.4539,0.5,5.60964,2,385,2458288.7261227,2458288.727037,48.3296089172363,0,158002276401006845,158002276400746459,21.4501,20.7229,20.4567,20.3907,0.0,5.67914,158012276417683141,21.7948,21.1573,21.065,20.6898,0.0116667,17.2239,4,720120137,2458166.99081,2458204.960232,16,,,,,,,,,,,,,,,,,,,2018-06-19T05:26:55.997,0.5334000000000003
133,ZTF18abcelzj,2458288.7648147997,2,534264813715,20.5569,1,534264813715015027,t,27,534,37,720,791.783,2657.36,227.6591139,41.6679107,17.277,0.0658216,49.0002,17.3116,0.0223,12.6839,22.964,0.36,0.891,-0.683,-0.158105,0.034617,1.79,0.998,423.143,3.24529,1.36697,0.673,0.633,0.375978,0.353631,1.06319,5,0,0.773333,1.0,17.6,138847,0.966304,17.3167,0.0277,227.65436040000003,41.6675661,22.3036,21.6841,21.225,21.172,0.0,14.2797,2,388,2458288.7638657,2458288.7648147997,66.9776458740234,0,158002276542230143,158002276622209153,21.1569,20.8821,-999.0,20.67,0.5,23.2428,158002276623919451,21.3716,20.955,20.8161,20.7129,0.33025,23.3383,5,720120237,2458155.0562380003,2458217.953958,20,,,,,,,,,,,,,,,,,,,2018-06-19T06:21:19.999,-0.3230000000000004
182,ZTF18abcicfn,2458289.6878588,1,535187853615,20.5135,2,535187853615015023,t,23,535,36,720,2428.12,2884.48,228.1938535,41.5421584,18.125,0.0649715,12.1988,18.2078,0.0508,9.20683,21.625,0.11,0.832,0.006,0.400146,0.082787,1.87,0.983,196.019,2.30574,1.28199,0.738,0.674,0.394652,0.360428,1.09496,6,0,0.703333,1.0,17.6,138847,0.9632,18.1893,0.0631,228.1963082,41.5439836,22.2673,21.2764,20.8045,20.5601,0.0152083,8.90859,1,304,2458289.6878588,2458289.6878588,39.8456268310547,0,157842281964869306,157852281964783386,21.5515,20.245,18.7436,18.0531,1.0,9.51136,157842281936315662,-999.0,21.5592,21.065,20.711,0.00125,16.774,9,720120136,2458166.99081,2458204.960232,16,,,,,,,,,,,,,,,,,,,2018-06-20T04:30:31.000,0.5249999999999986
184,ZTF18abcicxo,2458289.699213,1,535199213615,20.3422,2,535199213615015014,t,14,535,36,720,2413.84,2885.71,228.1998967,41.5405527,18.0732,0.0692479,8.23005,18.1156,0.0479,3.9632,22.866,0.302,0.747,-0.374,-0.00561618,0.042391,2.72,0.991,194.789,2.22656,1.00449,0.864,0.818,0.317647,0.300735,1.05623,1,0,0.74,1.0,17.6,138847,1.0,18.1411,0.0619,228.2001331,41.5394498,-999.0,-999.0,21.4912,20.9282,0.005,8.23237,1,300,2458289.699213,2458289.699213,44.4835357666016,0,157852282022790970,157842281964869306,22.2673,21.2764,20.8045,20.5601,0.0152083,9.31129,157842282016436365,20.4848,19.6325,19.2802,19.1372,0.0,9.96346,11,720120136,2458166.99081,2458204.960232,16,,,,,,,,,,,,,,,,,,,2018-06-20T04:46:52.003,0.4731999999999985
192,ZTF18abcighb,2458289.728588,2,535228583615,20.1449,2,535228583615015005,t,5,535,36,720,2376.85,2903.56,228.2156214,41.53634260000001,17.3034,0.0546465,38.7502,17.3111,0.0268,9.61879,15.209,0.022,0.971,-0.05,-0.764448,0.007745,3.52,0.983,176.935,2.83382,0.818392,1.137,1.037,0.323011,0.294602,1.09643,0,0,0.66,1.0,17.6,138847,1.0,17.2036,0.0309,228.2123074,41.53525670000001,15.7179,15.2676,15.0934,15.0375,0.99875,9.73007,1,286,2458289.728588,2458289.728588,35.772148132324205,0,157842282123862921,157842282136730123,-999.0,-999.0,21.7322,21.7208,0.5,13.453,157832282210676859,-999.0,21.4412,20.5482,20.1433,0.99875,26.5183,3,720120236,2458155.0562380003,2458217.953958,21,,,,,,,,,,,,,,,,,,,2018-06-20T05:29:10.003,-0.29660000000000153
197,ZTF18abcigtn,2458289.7351273,2,535235123615,20.1298,2,535235123615015010,t,10,535,36,720,2365.68,2907.92,228.2191251,41.5354409,17.3338,0.0424936,12.3293,17.3284,0.0268,8.20487,22.821,0.346,1.196,-0.094,0.0516908,-0.005379,3.25,0.976,172.579,2.80136,0.914274,1.031,0.939,0.317231,0.288923,1.09798,0,0,0.72,1.0,17.6,138847,1.0,17.2954,0.0324,228.2196914,41.5331686,-999.0,-999.0,21.7322,21.7208,0.5,17.4201,1,283,2458289.7351273,2458289.7351273,56.76810455322271,0,157842282136730123,157842282123862921,15.7179,15.2676,15.0934,15.0375,0.99875,18.3416,157832282210676859,-999.0,21.4412,20.5482,20.1433,0.99875,19.4975,3,720120236,2458155.0562380003,2458217.953958,21,,,,,,,,,,,,,,,,,,,2018-06-20T05:38:34.999,-0.2662000000000013
202,ZTF18abcilmr,2458289.7543634,2,535254363615,20.3274,2,535254363615015013,t,13,535,36,720,2342.2,2914.56,228.2294299,41.5326475,17.3099,0.0487076,40.4359,17.3277,0.0261,12.5221,22.581,0.271,1.137,-0.337,0.0108729,0.017821,2.29,0.984,165.937,2.99974,1.10833,0.77,0.739,0.336245,0.322707,1.04195,1,0,0.776667,1.0,17.6,138847,1.0,17.32,0.0323,228.2299816,41.5291467,21.6072,21.6916,21.3822,20.9006,0.554708,17.9112,1,274,2458289.7543634,2458289.7543634,61.6069488525391,0,157832282328344617,157832282210676859,-999.0,21.4412,20.5482,20.1433,0.99875,24.0085,-999,-999.0,-999.0,-999.0,-999.0,-999.0,-999.0,2,720120236,2458155.0562380003,2458217.953958,21,,,,,,,,,,,,,,,,,,,2018-06-20T06:06:16.998,-0.29010000000000247
226,ZTF18abciuih,2458289.8619213,1,535361923615,20.4119,2,535361923615015018,t,18,535,36,720,2193.73,2936.02,228.2877025,41.51613029999999,18.0455,0.0700075,4.79885,18.058,0.0394,11.7502,22.846,0.359,1.068,-0.563,-0.169109,0.01247,2.44,0.983,144.479,2.35387,1.2368,0.872,0.851,0.357377,0.34877,1.02468,2,0,0.726667,1.0,17.6,138847,1.0,18.0356,0.0484,228.28979980000003,41.5132212,22.2197,21.7472,21.2786,20.7782,0.00291667,18.0849,1,192,2458289.8619213,2458289.8619213,51.0382308959961,0,157812282941828315,157812282902252878,17.5954,17.0425,16.8389,16.7543,0.995833,22.4325,157812282798072861,-999.0,21.4268,21.0823,20.4929,0.0575833,29.9959,3,720120136,2458166.99081,2458204.960232,16,,,,,,,,,,,,,,,,,,,2018-06-20T08:41:10.000,0.4454999999999991
369,ZTF18abclbqj,2458290.7289583,1,536228953915,20.2643,2,536228953915015003,t,3,536,39,720,838.501,368.854,228.78782200000003,41.3890413,18.1308,0.0759097,10.3102,18.0703,0.0527,10.2158,23.039,0.338,0.711,0.168,-0.44208,-0.060485,2.29,1.0,368.854,2.19403,1.10507,0.833,0.763,0.363755,0.333188,1.09174,1,0,0.76,1.0,17.6,138847,1.0,18.0425,0.0651,228.7874142,41.3861825,20.2745,19.9003,19.4248,19.3667,0.543524,15.7977,1,367,2458290.7289583,2458290.7289583,40.4616241455078,0,157672287828360163,-999,-999.0,-999.0,-999.0,-999.0,-999.0,-999.0,-999,-999.0,-999.0,-999.0,-999.0,-999.0,-999.0,1,720120139,2458166.99081,2458204.960232,16,,,,,,,,,,,,,,,,,,,2018-06-21T05:29:41.997,0.5307999999999993
373,ZTF18abclgpy,2458290.7500116,1,536250013915,20.2551,2,536250013915015005,t,5,536,39,720,809.583,379.798,228.7990411,41.3857791,18.2122,0.0781132,7.01191,18.2944,0.0644,9.62883,22.855,0.276,0.583,-0.29,0.280098,0.082168,2.18,1.0,379.798,1.96067,1.16995,0.74,0.695,0.33945,0.318807,1.06475,2,0,0.746667,1.0,17.6,138847,0.997884,18.2663,0.0798,228.7992961,41.3830775,-999.0,-999.0,21.2304,20.3192,0.00875,17.1934,1,368,2458290.7500116,2458290.7500116,39.0140228271484,0,157662288055424285,-999,-999.0,-999.0,-999.0,-999.0,-999.0,-999.0,-999,-999.0,-999.0,-999.0,-999.0,-999.0,-999.0,1,720120139,2458166.99081,2458204.960232,16,,,,,,,,,,,,,,,,,,,2018-06-21T06:00:01.002,0.6121999999999979
375,ZTF18abclhgc,2458290.7565394,2,536256533915,20.2152,2,536256533915015001,t,1,536,39,720,803.54,387.853,228.8024957,41.3847419,17.5354,0.0558358,20.257,17.6,0.0361,9.21226,22.901,0.333,0.513,-0.013,0.536106,0.064642,2.44,0.997,387.853,2.61523,1.04122,0.793,0.722,0.325,0.295902,1.09834,1,0,0.86,1.0,17.6,138847,1.0,17.5763,0.0445,228.80406180000003,41.3824326,-999.0,-999.0,21.2304,20.3192,0.00875,9.80347,1,369,2458290.7565394,2458290.7565394,47.5404281616211,0,157662288055424285,157662288129870300,22.2402,21.7245,-999.0,-999.0,0.00291667,29.0798,-999,-999.0,-999.0,-999.0,-999.0,-999.0,-999.0,2,720120239,2458160.973704,2458217.93191,16,,,,,,,,,,,,,,,,,,,2018-06-21T06:09:25.004,-0.06460000000000221
390,ZTF18abcmuni,2458290.8414931,2,536341493915,20.3708,2,536341493915015006,t,6,536,39,720,685.823,402.512,228.8481012,41.3708774,17.2966,0.0420261,50.3747,17.2797,0.0255,12.0839,22.891,0.33,0.576,-0.28,0.61993,-0.016934,2.14,0.984,402.512,3.09112,1.11531,0.692,0.676,0.323364,0.315888,1.02367,0,0,0.846667,1.0,17.6,138847,1.0,17.2749,0.0316,228.8447643,41.3685789,-999.0,21.9879,21.3891,-999.0,0.00316667,20.8284,1,370,2458290.8414931,2458290.8414931,72.3936309814453,0,157642288409512947,157642288572284897,21.4969,20.2521,19.7121,19.3941,0.952409,24.682,157652288500454166,-999.0,-999.0,21.1834,20.6253,0.0655417,26.2571,4,720120239,2458160.973704,2458217.93191,16,,,,,,,,,,,,,,,,,,,2018-06-21T08:11:45.004,-0.3033999999999999
523,ZTF18abcpnez,2458291.7433681,2,537243363415,20.2179,2,537243363415015006,t,6,537,34,720,2824.04,872.5,229.3634677,41.22887070000001,17.4609,0.0500846,33.4782,17.4114,0.0312,7.34466,21.274,0.079,0.431,0.026,-0.193726,-0.049464,1.9,0.983,248.459,2.80648,1.30134,0.744,0.732,0.391579,0.385263,1.01639,1,0,0.87,1.0,17.6,138847,1.0,17.3986,0.0389,229.36185530000003,41.2272017,-999.0,-999.0,21.2576,20.9851,0.00125,4.88316,1,367,2458291.7433681,2458291.7433681,51.193817138671896,0,157472293641943840,157472293617053143,21.4222,21.1288,21.0119,20.7321,0.163917,8.01143,157472293607560967,22.3119,21.4889,20.5651,20.2968,0.269979,14.7447,9,720120234,2458155.0562380003,2458217.93191,15,,,,,,,,,,,,,,,,,,,2018-06-22T05:50:27.004,-0.13910000000000267
527,ZTF18abcpovx,2458291.7588889,2,537258883415,20.0931,2,537258883415015005,t,5,537,34,720,2803.75,875.908,229.3716879,41.2262588,17.371,0.0530517,8.65801,17.3986,0.0319,9.20303,22.481,0.348,1.14,-0.282,0.0591282,0.027641,2.28,0.983,268.745,2.69446,1.17376,0.804,0.773,0.352632,0.339035,1.0401,0,0,0.86,1.0,17.6,138847,1.0,17.3671,0.0391,229.3705329,41.2286968,21.8145,-999.0,21.4166,-999.0,0.5,1.4773,1,368,2458291.7588889,2458291.7588889,60.616973876953104,0,157472293722322335,157472293713226961,-999.0,21.8682,21.4622,21.5708,0.0513333,14.4694,157472293776021884,19.567,19.1851,19.0656,19.0147,0.993417,15.8664,7,720120234,2458155.0562380003,2458217.93191,15,,,,,,,,,,,,,,,,,,,2018-06-22T06:12:48.001,-0.22900000000000276
539,ZTF18abcprff,2458291.7761458,2,537276143415,20.181,2,537276143415015004,t,4,537,34,720,2779.05,877.328,229.3808215,41.2233233,17.299,0.0465085,9.62939,17.317,0.0292,6.60351,22.499,0.335,1.048,-0.607,-0.374174,0.018012,2.06,0.984,293.447,2.864,1.21994,0.756,0.73,0.36699,0.354369,1.03562,3,0,0.836667,1.0,17.7,138847,0.995516,17.2927,0.036,229.37836940000003,41.22353579999999,22.0096,21.6901,21.3321,20.9815,0.0307917,8.15451,1,370,2458291.7761458,2458291.7761458,50.45060729980471,0,157462293803866050,157472293776021884,19.567,19.1851,19.0656,19.0147,0.993417,13.1861,157462293877523251,-999.0,-999.0,21.6342,21.4966,0.773048,24.7311,5,720120234,2458155.0562380003,2458217.93191,15,,,,,,,,,,,,,,,,,,,2018-06-22T06:37:38.997,-0.4009999999999998
613,ZTF18abcpovx,2458291.7598264,2,537259823415,20.2347,1,537259823415015004,t,4,537,34,720,2801.96,876.019,229.3721739,41.2261041,17.4093,0.0452123,3.22604,17.4057,0.0309,10.2199,22.481,0.348,1.14,-0.282,-0.0635484,-0.00363,1.95,0.984,270.537,2.82899,1.25877,0.742,0.725,0.380513,0.371795,1.02345,2,0,0.856667,1.0,17.6,138847,1.0,17.3917,0.0384,229.3705329,41.2286968,21.8145,-999.0,21.4166,-999.0,0.5,1.03726,2,369,2458291.7588889,2458291.7598264,52.3455123901367,0,157472293722322335,157472293776021884,19.567,19.1851,19.0656,19.0147,0.993417,14.5315,157472293713226961,-999.0,21.8682,21.4622,21.5708,0.0513333,15.1661,6,720120234,2458155.0562380003,2458217.93191,15,,,,,,,,,,,,,,,,,,,2018-06-22T06:14:09.001,-0.19069999999999965
678,ZTF18abcrvhu,2458292.70625,1,538206253415,20.217,2,538206253415015015,t,15,538,34,720,1346.1,1401.76,229.9081392,41.06725170000001,18.1411,0.0724131,6.11768,18.2064,0.0666,18.2594,22.979,0.329,0.491,-0.14,0.538471,0.065253,1.59,0.985,1346.1,2.01057,1.47255,0.606,0.584,0.381132,0.367296,1.03767,3,0,0.763333,1.0,17.7,138847,1.0,18.1994,0.0843,229.90663,41.0722596,-999.0,21.6536,21.216,20.9602,0.0,9.96441,1,371,2458292.70625,2458292.70625,36.909538269043004,0,157282299106203876,-999,-999.0,-999.0,-999.0,-999.0,-999.0,-999.0,-999,-999.0,-999.0,-999.0,-999.0,-999.0,-999.0,1,720120134,2458166.99081,2458204.960232,17,,,,,,,,,,,,,,,,,,,2018-06-23T04:57:00.000,0.44110000000000227
680,ZTF18abcrydx,2458292.7245602,1,538224563415,20.0229,2,538224563415015015,t,15,538,34,720,1317.52,1407.38,229.9177894,41.06404600000001,18.0331,0.0926439,6.98249,18.023,0.0587,25.4048,23.072,0.346,0.666,-0.425,-0.398933,-0.01008,2.76,0.981,1317.52,1.99987,0.972187,0.884,0.865,0.32029,0.313406,1.02197,1,0,0.73,1.0,17.7,138847,1.0,17.9608,0.0707,229.9243247,41.0588716,-999.0,21.6536,21.216,20.9602,0.0,27.3568,1,372,2458292.7245602,2458292.7245602,33.9682579040527,0,157282299106203876,157262299226929357,-999.0,-999.0,-999.0,21.0654,0.082375,28.0379,-999,-999.0,-999.0,-999.0,-999.0,-999.0,-999.0,2,720120134,2458166.99081,2458204.960232,17,,,,,,,,,,,,,,,,,,,2018-06-23T05:23:22.001,0.33310000000000173
685,ZTF18abcscwh,2458292.7552315,2,538255233415,20.2702,2,538255233415015009,t,9,538,34,720,1280.63,1428.79,229.93387880000003,41.0586427,17.3009,0.0420942,30.9359,17.3025,0.0286,9.20973,22.905,0.338,0.427,-0.269,-0.197896,0.001591,2.34,1.0,1280.63,2.96771,0.999423,0.684,0.664,0.292308,0.283761,1.03012,1,0,0.843333,1.0,17.7,138847,1.0,17.3246,0.0367,229.9318633,41.0565483,-999.0,21.6813,21.3324,20.7697,0.00142857,16.4932,1,374,2458292.7552315,2458292.7552315,71.8127517700195,0,157262299371926427,157262299300845910,21.0867,20.5105,20.1901,19.9459,0.00291667,18.2292,157262299364005325,20.0105,19.9076,19.6236,19.5706,0.99625,18.3646,7,720120234,2458155.0562380003,2458217.93191,15,,,,,,,,,,,,,,,,,,,2018-06-23T06:07:32.002,-0.3991000000000007
687,ZTF18abcsbwy,2458292.7495255,2,538249523415,20.2442,2,538249523415015009,t,9,538,34,720,1288.84,1423.18,229.9308733,41.059669,17.2661,0.0557189,12.4199,17.2968,0.0287,11.2583,22.73,0.271,0.426,-0.007,-0.0290949,0.030656,1.8,0.984,1288.84,2.94738,1.32009,0.676,0.641,0.375556,0.356111,1.0546,5,0,0.82,1.0,17.7,138847,0.97697,17.261,0.0349,229.9292284,41.0625825,21.0057,20.9502,-999.0,-999.0,0.5,10.7739,1,373,2458292.7495255,2458292.7495255,49.0317459106445,0,157272299290985349,157272299338207339,19.7303,18.5083,17.5382,17.098,0.989345,17.2935,157262299300845910,21.0867,20.5105,20.1901,19.9459,0.00291667,18.9726,8,720120234,2458155.0562380003,2458217.93191,15,,,,,,,,,,,,,,,,,,,2018-06-23T05:59:19.003,-0.43389999999999773
700,ZTF18abcsirw,2458292.7860301,2,538286033415,20.2464,2,538286033415015013,t,13,538,34,720,1236.34,1430.8,229.9501403,41.0530862,17.432,0.0540842,22.62,17.4792,0.034,8.55213,20.348,0.044,0.677,0.018,-0.321091,0.047185,1.85,0.986,1236.34,2.76717,1.26705,0.653,0.643,0.352973,0.347568,1.01555,3,0,0.84,1.0,17.7,138847,0.993416,17.4784,0.0429,229.95332510000003,41.0532199,-999.0,-999.0,21.1768,20.7127,0.0114583,8.65843,1,375,2458292.7860301,2458292.7860301,60.21630859375,0,157262299530725355,157262299533024481,20.7799,20.4743,20.3406,20.2989,0.874833,8.75116,157262299441192990,21.3638,20.8636,20.7141,20.4797,0.937494,16.4707,6,720120234,2458155.0562380003,2458217.93191,15,,,,,,,,,,,,,,,,,,,2018-06-23T06:51:53.001,-0.2680000000000007
718,ZTF18abcswsg,2458292.8390278,1,538339023415,19.9249,2,538339023415015011,t,11,538,34,720,1162.8,1448.77,229.9783497,41.043241,18.2103,0.0769283,6.53599,18.1545,0.0775,4.4707,15.708,0.015,0.821,-0.035,-0.203837,-0.055843,2.74,0.984,1162.8,1.77036,0.987836,1.115,0.976,0.406934,0.356204,1.14242,0,0,0.646667,1.0,17.7,138847,1.0,18.0939,0.0915,229.978825,41.04203629999999,-999.0,-999.0,21.9218,21.3344,0.5,3.95065,1,376,2458292.8390278,2458292.8390278,24.788808822631804,0,157252299768772803,157252299787831038,15.7049,15.238,15.0798,15.0159,0.994167,4.62432,157242299844539908,-999.0,21.281,20.732,-999.0,0.5,18.1766,5,720120134,2458166.99081,2458204.960232,17,,,,,,,,,,,,,,,,,,,2018-06-23T08:08:12.002,0.5103000000000009
1059,ZTF18abcyagz,2458294.6960995,1,540196094615,20.0459,2,540196094615015016,t,16,540,46,721,1718.69,2636.79,231.0205941,40.7044409,18.1962,0.0739822,4.6196,18.2117,0.0775,17.3082,23.112,0.325,0.522,-0.154,-0.0814292,0.015548,1.85,0.993,443.705,1.83422,1.26996,0.688,0.645,0.371892,0.348649,1.06667,3,0,0.81,1.0,17.7,138847,0.99523,18.1174,0.0908,231.02635,40.7066031,22.1059,21.3969,20.9473,21.0854,0.5,18.2421,1,772,2458294.6960995,2458294.6960995,33.739803314209,0,156842310181640436,156842310180660111,22.1946,21.5552,21.2662,21.087,0.0,18.9076,156842310283780347,20.5286,19.5759,19.1114,18.9714,0.0,27.0703,3,721120146,2458166.988831,2458206.004502,17,,,,,,,,,,,,,,,,,,,2018-06-25T04:42:22.997,0.49620000000000175
1061,ZTF18abcybqh,2458294.7017014,1,540201703515,20.049,2,540201703515015008,t,8,540,35,720,1360.92,2588.5,231.0234876,40.7033791,18.2112,0.0663795,8.70508,18.1379,0.0726,5.01913,22.88,0.301,0.583,-0.24,0.0271801,-0.073287,1.79,0.984,491.998,1.91111,1.30802,0.74,0.726,0.413408,0.405587,1.01928,0,0,0.766667,1.0,17.7,138847,1.0,18.0714,0.0872,231.0216397,40.7035381,20.5286,19.5759,19.1114,18.9714,0.0,18.609,1,773,2458294.7017014,2458294.7017014,30.701635360717802,0,156842310283780347,156842310181640436,22.1059,21.3969,20.9473,21.0854,0.5,19.7624,156842310180660111,22.1946,21.5552,21.2662,21.087,0.0,20.392,3,720120135,2458166.99081,2458204.960232,17,,,,,,,,,,,,,,,,,,,2018-06-25T04:50:27.001,0.5112000000000023
1063,ZTF18abcyfsp,2458294.7242824,1,540224284615,20.0378,2,540224284615015010,t,10,540,46,721,1684.55,2648.21,231.0352126,40.6990216,18.3756,0.0947737,5.48711,18.3338,0.0874,10.7366,22.787,0.305,0.892,-0.44,0.0543543,-0.041842,1.8,0.984,432.29,1.70401,1.30075,0.703,0.665,0.390556,0.369444,1.05714,7,0,0.623333,1.0,17.7,138847,0.865609,18.3394,0.1123,231.0391567,40.6994617,20.5286,19.5759,19.1114,18.9714,0.0,18.8931,1,775,2458294.7242824,2458294.7242824,26.7181663513184,0,156842310283780347,156842310434104720,21.9587,20.9986,20.6647,20.3867,0.0,27.334,-999,-999.0,-999.0,-999.0,-999.0,-999.0,-999.0,2,721120146,2458166.988831,2458206.004502,17,,,,,,,,,,,,,,,,,,,2018-06-25T05:22:57.999,0.6755999999999993
1064,ZTF18abcygrt,2458294.7275463,1,540227543515,19.9591,2,540227543515015008,t,8,540,35,720,1326.54,2599.95,231.0368887,40.69838529999999,18.4046,0.0857914,4.31574,18.3031,0.0861,16.3245,22.712,0.288,0.836,-0.242,0.0747236,-0.101517,2.17,0.987,480.551,1.65599,1.14646,0.85,0.8,0.391705,0.368664,1.0625,0,0,0.723333,1.0,17.7,138847,1.0,18.4213,0.1225,231.0309429,40.6992547,20.5286,19.5759,19.1114,18.9714,0.0,23.8007,1,776,2458294.7275463,2458294.7275463,25.3661842346191,0,156842310283780347,156842310434104720,21.9587,20.9986,20.6647,20.3867,0.0,25.3821,-999,-999.0,-999.0,-999.0,-999.0,-999.0,-999.0,2,720120135,2458166.99081,2458204.960232,17,,,,,,,,,,,,,,,,,,,2018-06-25T05:27:40.000,0.7045999999999992
1066,ZTF18abcylab,2458294.7456829,2,540245683515,20.1532,2,540245683515015014,t,14,540,35,720,1305.39,2614.53,231.04632880000003,40.694849,17.5755,0.0630552,32.3265,17.6197,0.0423,10.5527,22.461,0.246,0.485,-0.186,0.5264,0.044247,2.09,1.0,465.974,2.53349,1.10336,0.695,0.66,0.332536,0.315789,1.05303,2,0,0.856667,1.0,17.7,138847,0.997532,17.6035,0.0528,231.0499111,40.6960437,21.8571,21.5283,21.1748,20.9985,0.00375,23.418,1,777,2458294.7456829,2458294.7456829,54.037559509277294,0,156822310461276664,156822310465186533,21.9241,21.3699,21.3772,-999.0,0.5,23.4489,156832310561577569,22.4477,21.9836,21.7589,-999.0,0.033,28.3583,4,720120235,2458155.0562380003,2458217.93191,15,,,,,,,,,,,,,,,,,,,2018-06-25T05:53:47.003,-0.12449999999999761
1071,ZTF18abcyovc,2458294.7663773,2,540266374615,19.9613,2,540266374615015017,t,17,540,46,721,1632.73,2653.12,231.0570943,40.6907615,17.4999,0.0658242,8.25369,17.6061,0.0455,11.2615,19.196,0.026,0.795,-0.041,0.282099,0.106213,1.78,0.984,427.379,2.35522,1.41325,0.728,0.691,0.408989,0.388202,1.05355,4,0,0.786667,1.0,17.7,138847,0.987078,17.5715,0.056,231.06126290000003,40.6905303,20.515,19.3551,18.4345,18.0198,1.0,11.5067,1,778,2458294.7663773,2458294.7663773,38.04052734375,0,156822310613329253,156822310595876435,-999.0,21.8326,21.9666,-999.0,0.0153333,11.8825,156822310582662314,22.4879,21.3794,20.8048,20.6248,0.0542232,21.9967,5,721120246,2458160.988137,2458216.875984,16,,,,,,,,,,,,,,,,,,,2018-06-25T06:23:34.999,-0.20009999999999906
1072,ZTF18abcypnx,2458294.7742824,2,540274284615,20.0307,2,540274284615015020,t,20,540,46,721,1621.53,2659.64,231.061212,40.6891863,17.4408,0.0672267,26.5453,17.5159,0.0426,3.34428,22.029,0.184,1.241,0.007,0.409907,0.075123,2.17,0.999,420.865,2.51481,1.07398,0.679,0.635,0.312903,0.292627,1.06929,1,0,0.766667,1.0,17.7,138847,1.0,17.5627,0.0563,231.0613036,40.6882484,20.515,19.3551,18.4345,18.0198,1.0,4.75803,1,781,2458294.7742824,2458294.7742824,55.476470947265604,0,156822310613329253,156822310595876435,-999.0,21.8326,21.9666,-999.0,0.0153333,5.2312,156822310582662314,22.4879,21.3794,20.8048,20.6248,0.0542232,18.0136,3,721120246,2458160.988137,2458216.875984,16,,,,,,,,,,,,,,,,,,,2018-06-25T06:34:57.999,-0.2591999999999999
1073,ZTF18abcyovc,2458294.7668519,2,540266853515,20.0311,2,540266853515015010,t,10,540,35,720,1274.4,2593.99,231.0573409,40.6906634,17.4788,0.0533742,12.0303,17.4836,0.0392,6.90181,22.571,0.293,0.612,-0.429,0.219844,0.004774,1.79,0.985,486.512,2.54748,1.37272,0.748,0.733,0.417877,0.409497,1.02046,2,0,0.846667,1.0,17.7,138847,0.998582,17.4694,0.0491,231.0596153,40.6915544,20.515,19.3551,18.4345,18.0198,1.0,10.8117,2,779,2458294.7663773,2458294.7668519,51.655632019043,0,156822310613329253,156822310595876435,-999.0,21.8326,21.9666,-999.0,0.0153333,11.1898,156822310582662314,22.4879,21.3794,20.8048,20.6248,0.0542232,21.5594,5,720120235,2458155.0562380003,2458217.93191,15,,,,,,,,,,,,,,,,,,,2018-06-25T06:24:16.004,-0.22119999999999962
1074,ZTF18abcypnx,2458294.7747569,2,540274753515,20.0388,2,540274753515015010,t,10,540,35,720,1265.16,2599.06,231.06146780000003,40.6891019,17.4481,0.0458712,4.5274,17.5196,0.0408,2.32358,22.004,0.24,1.19,-0.086,0.751995,0.071458,1.83,0.984,481.441,2.51919,1.32718,0.704,0.678,0.384699,0.370492,1.03835,2,0,0.866667,1.0,17.7,138847,0.998341,17.542,0.0527,231.0612943,40.688462,20.515,19.3551,18.4345,18.0198,1.0,5.07794,2,782,2458294.7742824,2458294.7747569,40.848030090331996,0,156822310613329253,156822310595876435,-999.0,21.8326,21.9666,-999.0,0.0153333,5.57393,156822310582662314,22.4879,21.3794,20.8048,20.6248,0.0542232,18.0714,3,720120235,2458155.0562380003,2458217.93191,15,,,,,,,,,,,,,,,,,,,2018-06-25T06:35:38.996,-0.2518999999999991
1085,ZTF18abcyufk,2458294.8067708,2,540306774615,20.0186,2,540306774615015017,t,17,540,46,721,1578.94,2656.24,231.0782146,40.6826489,17.4331,0.0608792,8.89318,17.4835,0.0417,4.87622,22.432,0.207,0.789,-0.339,0.153101,0.050417,1.95,0.984,424.257,2.53515,1.19376,0.663,0.644,0.34,0.330256,1.0295,4,0,0.803333,1.0,17.7,138847,0.985472,17.4601,0.0518,231.0765608,40.6831954,21.0796,20.5963,20.3783,20.212,0.97347,18.3967,1,783,2458294.8067708,2458294.8067708,32.4959678649902,0,156822310831943944,156822310765075890,18.6276,17.5161,16.976,16.7379,0.998542,18.7482,156812310813012161,18.1382,17.6344,17.4471,17.3724,1.0,24.4573,4,721120246,2458160.988137,2458216.875984,16,,,,,,,,,,,,,,,,,,,2018-06-25T07:21:44.997,-0.2668999999999997
1097,ZTF18abcybzi,2458294.7026157,1,540202613515,20.0373,1,540202613515015006,t,6,540,35,720,1360.25,2589.25,231.0239784,40.7031851,18.2644,0.0700485,2.56701,18.1626,0.0741,6.43837,22.88,0.301,0.583,-0.24,-0.607161,-0.10179,1.87,0.982,491.247,1.87475,1.2664,0.781,0.775,0.417647,0.414439,1.00774,5,0,0.736667,1.0,17.7,138847,0.98473,18.1492,0.0935,231.02163969999998,40.7035381,20.5286,19.5759,19.1114,18.9714,0.0,17.1689,1,774,2458294.7026157,2458294.7026157,28.0721645355225,0,156842310283780347,156842310181640436,22.1059,21.3969,20.9473,21.0854,0.5,20.3564,156842310180660111,22.1946,21.5552,21.2662,21.087,0.0,20.9691,3,720120135,2458166.99081,2458204.960232,17,,,,,,,,,,,,,,,,,,,2018-06-25T04:51:45.996,0.5643999999999991
1102,ZTF18abcypbn,2458294.7677893997,2,540267783515,19.9679,1,540267783515015006,t,6,540,35,720,1273.93,2594.68,231.0578174,40.690471,17.5034,0.0434794,10.965,17.4804,0.0398,6.19162,22.571,0.293,0.612,-0.429,0.214624,-0.022988,2.15,0.983,485.818,2.48751,1.18858,0.803,0.792,0.373488,0.368372,1.01389,0,0,0.873333,1.0,17.7,138847,1.0,17.4332,0.0483,231.0596153,40.6915544,20.515,19.3551,18.4345,18.0198,1.0,9.49709,2,780,2458294.7668518997,2458294.7677893997,52.335445404052706,0,156822310613329253,156822310595876435,-999.0,21.8326,21.9666,-999.0,0.0153333,9.87088,156822310582662314,22.4879,21.3794,20.8048,20.6248,0.0542232,20.7569,5,720120235,2458155.0562380003,2458217.93191,15,,,,,,,,,,,,,,,,,,,2018-06-25T06:25:37.004,-0.1966000000000001
1232,ZTF18abddnfn,2458296.7029514,1,542202952815,19.1051,2,542202952815015000,t,0,542,28,721,1838.98,547.394,232.1283007,40.301405,18.2441,0.161307,1.62881,18.377,0.1093,6.97351,22.767,0.316,1.151,-0.497,-1.04204,0.132868,6.69,0.978,547.394,0.728064,0.683843,2.038,1.653,0.304634,0.247085,1.23291,0,0,0.296667,1.0,17.8,138847,1.0,18.2907,0.1293,232.13042830000003,40.3025055,-999.0,21.2536,20.6815,20.8748,0.5,14.596,1,389,2458296.7029514,2458296.7029514,12.888520240783699,0,156352321283357429,156352321309908085,-999.0,21.6994,20.5004,19.8746,0.98975,14.8158,156352321280846877,20.2905,19.8702,19.5858,19.5618,0.0,16.1849,4,721120128,2458166.988831,2458206.004502,17,,,,,,,,,,,,,,,,,,,2018-06-27T04:52:15.001,0.44409999999999883
1234,ZTF18abddsdx,2458296.7441782,2,542244172815,20.1207,2,542244172815015005,t,5,542,28,721,1787.31,586.687,232.1494411,40.2926364,17.5683,0.0507559,22.2762,17.6161,0.0445,2.31704,22.74,0.338,1.339,-0.36,-0.514099,0.047846,1.88,1.0,586.687,2.5046,1.19113,0.635,0.609,0.337766,0.323936,1.04269,2,0,0.84,1.0,17.8,138847,1.0,17.6436,0.058,232.1485873,40.2926148,21.8259,-999.0,-999.0,20.7224,0.154708,15.3635,1,390,2458296.7441782,2458296.7441782,48.031707763671896,0,156342321444389602,156342321510273887,-999.0,-999.0,21.4795,21.1717,0.012125,24.0432,156352321414115146,20.1797,19.9225,19.8439,19.7849,0.982381,24.0597,4,721120228,2458160.988137,2458217.966829,17,,,,,,,,,,,,,,,,,,,2018-06-27T05:51:36.996,-0.23170000000000002
1238,ZTF18abddwsc,2458296.7797569,2,542279752815,19.9113,2,542279752815015005,t,5,542,28,721,1739.49,605.824,232.1677951,40.2849192,17.707,0.0661813,14.4707,17.7076,0.0532,8.9506,23.192,0.321,0.415,-0.297,0.015482,0.000644,2.11,0.991,605.824,2.20369,1.16088,0.689,0.675,0.32654,0.319905,1.02074,1,0,0.833333,1.0,17.8,138847,1.0,17.7059,0.0676,232.16458280000003,40.2854958,21.282,20.1233,19.6991,19.5272,0.0,18.0956,1,392,2458296.7797569,2458296.7797569,45.9511184692383,0,156342321612543381,156342321608677621,21.2799,20.4195,20.0527,20.062,0.00729167,24.7797,156352321638280863,-999.0,18.8377,19.2699,-999.0,0.5,26.7178,3,721120228,2458160.988137,2458217.966829,17,,,,,,,,,,,,,,,,,,,2018-06-27T06:42:50.996,-0.09299999999999997
1245,ZTF18abddlqo,2458296.6844907003,1,542184492815,19.2241,1,542184492815015002,t,2,542,28,721,1859.77,535.206,232.1188279,40.3051186,18.2055,0.139334,2.28128,18.3514,0.1077,13.0964,16.433,0.013,0.476,-0.024,0.110674,0.145935,5.81,0.983,535.206,0.872665,0.699866,1.8,1.532,0.309811,0.263683,1.17493,1,0,0.436667,1.0,17.8,138847,1.0,18.3281,0.135,232.11579,40.302252100000004,16.408,15.356,14.8643,14.682,0.974,13.3248,1,388,2458296.6844907003,2458296.6844907003,13.783305168151902,0,156362321157393367,156362321146053939,-999.0,-999.0,-999.0,21.0265,0.5,13.7416,156362321113864501,-999.0,21.8145,21.2656,-999.0,0.0515476,21.1571,3,721120128,2458166.988831,2458206.004502,17,,,,,,,,,,,,,,,,,,,2018-06-27T04:25:39.997,0.40549999999999997
1270,ZTF18abddsff,2458296.7451157,2,542245112815,20.0326,1,542245112815015002,t,2,542,28,721,1786.47,587.339,232.149931,40.2924352,17.5732,0.0624783,24.0754,17.6102,0.0458,3.7077,22.74,0.338,1.339,-0.36,-0.460033,0.036956,1.96,1.0,587.339,2.4224,1.19457,0.656,0.639,0.334694,0.32602,1.0266,5,0,0.776667,1.0,17.8,138847,0.97573,17.5796,0.0566,232.1485873,40.292614799999996,21.8259,-999.0,-999.0,20.7224,0.154708,16.318,1,391,2458296.7451157,2458296.7451157,48.533329010009794,0,156342321444389602,156342321510273887,-999.0,-999.0,21.4795,21.1717,0.012125,23.1127,156352321414115146,20.1797,19.9225,19.8439,19.7849,0.982381,25.5843,4,721120228,2458160.988137,2458217.966829,17,,,,,,,,,,,,,,,,,,,2018-06-27T05:52:57.996,-0.22680000000000078
1312,ZTF18abdfexj,2458297.764456,2,543264452815,19.8417,2,543264452815015006,t,6,543,28,721,301.28,1363.0,232.7070477,40.073574,17.5623,0.0636826,7.86115,17.6806,0.0569,5.95128,22.592,0.282,1.221,-0.193,-0.101092,0.118299,1.79,0.984,301.28,2.16111,1.32598,0.66,0.601,0.368715,0.335754,1.09817,4,0,0.803333,1.0,17.8,138847,0.985409,17.6723,0.072,232.70700040000003,40.0752473,-999.0,-999.0,21.5668,20.8794,0.096375,5.88204,1,393,2458297.764456,2458297.764456,37.8481483459473,0,156092327069590890,156092327048132775,-999.0,-999.0,21.3645,20.823,0.951268,13.2076,156082327098161500,-999.0,21.5941,20.3914,20.0827,0.0,23.368,5,721120228,2458160.988137,2458217.966829,17,,,,,,,,,,,,,,,,,,,2018-06-28T06:20:48.998,-0.23770000000000024
1313,ZTF18abdffub,2458297.7761921003,2,543276192815,19.7834,2,543276192815015009,t,9,543,28,721,285.413,1373.48,232.7130864,40.0709273,17.4911,0.0582939,15.2279,17.5896,0.0533,8.30819,22.687,0.255,0.839,-0.414,0.522109,0.098524,2.84,0.998,285.413,2.19378,0.867009,0.737,0.698,0.259507,0.245775,1.05587,5,0,0.73,1.0,17.8,138847,0.969056,17.5693,0.0667,232.7117975,40.0688107,-999.0,21.5941,20.3914,20.0827,0.0,15.6416,1,394,2458297.7761921003,2458297.7761921003,47.7327003479004,0,156082327098161500,156092327149832676,18.8017,17.6013,16.6492,16.2193,0.980292,21.2559,156092327069590890,-999.0,-999.0,21.5668,20.8794,0.096375,22.8691,4,721120228,2458160.988137,2458217.966829,17,,,,,,,,,,,,,,,,,,,2018-06-28T06:37:42.997,-0.3089000000000013
1317,ZTF18abdfhmh,2458297.8027894,2,543302782815,19.6716,2,543302782815015006,t,6,543,28,721,251.244,1386.4,232.726809,40.0648448,17.3651,0.0557953,7.84839,17.3868,0.0464,2.12204,22.09,0.209,1.565,0.217,-0.641235,0.021713,2.2,0.984,251.244,2.28477,1.18492,0.851,0.785,0.386818,0.356818,1.08408,2,0,0.786667,1.0,17.8,138847,1.0,17.3091,0.0551,232.7263465,40.0653279,-999.0,21.7301,21.4551,-999.0,0.0,2.26153,1,395,2458297.8027894,2458297.8027894,45.0768051147461,0,156072327264259043,156072327247897145,22.3861,21.8044,21.1464,20.8143,0.0445,6.97474,156072327296128531,22.2681,21.769,21.4619,21.044,0.514004,7.58372,7,721120228,2458160.988137,2458217.966829,17,,,,,,,,,,,,,,,,,,,2018-06-28T07:16:01.004,-0.43489999999999895
1355,ZTF18abdfwwz,2458298.7021296,1,544202122515,19.8152,2,544202122515015023,t,23,544,25,721,2448.78,2161.55,233.2195327,39.8646951,18.4225,0.088623,3.83597,18.3994,0.0948,5.38689,20.686,0.05,1.082,0.029,0.0445777,-0.023091,2.28,0.984,623.724,1.41583,1.2343,0.809,0.757,0.354825,0.332018,1.06869,3,0,0.793333,1.0,17.8,138847,1.0,18.4091,0.1223,233.2213895,39.86417410000001,20.5979,20.19,20.0109,19.9385,1.0,5.49379,1,412,2458298.7021296,2458298.7021296,28.792249679565398,0,155832332213747665,155842332188172797,22.0269,20.8684,19.7367,19.1564,0.977604,13.7291,155832332144766136,-999.0,21.7694,20.5911,19.9004,0.979187,15.3966,6,721120125,2458166.988831,2458206.004502,17,,,,,,,,,,,,,,,,,,,2018-06-29T04:51:03.997,0.6224999999999987
1356,ZTF18abdgecu,2458298.7837153,2,544283712515,19.8257,2,544283712515015028,t,28,544,25,721,2350.66,2222.58,233.2611162,39.8458368,17.495,0.0613383,17.0666,17.4713,0.0416,7.45959,22.675,0.228,0.684,0.054,-0.536416,-0.023678,2.43,0.983,721.836,2.35441,1.13101,0.928,0.844,0.381893,0.347325,1.09953,1,0,0.786667,1.0,17.8,138847,1.0,17.4616,0.0524,233.2621521,39.8477769,22.2378,21.1644,19.815,19.1814,0.967333,19.8519,1,415,2458298.7837153,2458298.7837153,48.0822334289551,0,155822332588891938,155802332545409578,20.6445,19.3118,18.1604,17.6073,0.982054,25.7924,-999,-999.0,-999.0,-999.0,-999.0,-999.0,-999.0,2,721120225,2458160.988137,2458217.966829,18,,,,,,,,,,,,,,,,,,,2018-06-29T06:48:33.002,-0.3049999999999997
1361,ZTF18abdghgd,2458298.8280208,2,544328022515,19.6461,2,544328022515015010,t,10,544,25,721,2289.07,2239.44,233.2839717,39.8353104,17.7364,0.0550078,3.1479,17.6725,0.0576,6.61269,17.97,0.015,0.44,-0.049,-0.09282,-0.063854,3.08,0.983,783.43,1.97361,0.909319,0.925,0.894,0.300325,0.29026,1.03468,3,0,0.773333,1.0,17.8,138847,0.992688,17.6329,0.0708,233.2818668,39.8362332,18.6901,18.0519,17.8082,17.7059,0.978292,6.64975,1,416,2458298.8280208,2458298.8280208,32.5934257507324,0,155802332818904095,155802332813192613,-999.0,21.5192,21.0829,20.6292,0.567012,7.5495,155802332921009465,21.194,20.513,20.2347,20.2217,0.0,29.532,3,721120225,2458160.988137,2458217.966829,18,,,,,,,,,,,,,,,,,,,2018-06-29T07:52:20.997,-0.06360000000000099
1367,ZTF18abdfyub,2458298.7243519,1,544224352515,19.8348,2,544224352515015020,t,20,544,25,721,2424.06,2175.12,233.2308214,39.859665,18.2646,0.0665704,1.24429,18.2546,0.0885,5.89504,21.291,0.087,1.201,-0.089,0.579425,-0.010035,1.95,0.983,648.435,1.58018,1.32936,0.777,0.718,0.398462,0.368205,1.08217,2,0,0.836667,1.0,17.8,138847,1.0,18.2454,0.1121,233.2329699,39.8598535,21.3827,20.5477,20.2499,20.0412,0.935625,5.88661,1,413,2458298.7243519,2458298.7243519,29.5948085784912,0,155832332329232365,-999,-999.0,-999.0,-999.0,-999.0,-999.0,-999.0,-999,-999.0,-999.0,-999.0,-999.0,-999.0,-999.0,1,721120125,2458166.988831,2458206.004502,17,,,,,,,,,,,,,,,,,,,2018-06-29T05:23:04.004,0.4646000000000008
1372,ZTF18abdgcvm,2458298.7664815,2,544266482515,19.9514,2,544266482515015017,t,17,544,25,721,2371.64,2208.98,233.2523057,39.84989960000001,17.4473,0.0483544,6.97691,17.4548,0.0394,11.4065,22.139,0.154,0.837,0.027,-0.108162,0.007534,2.3,0.983,700.863,2.49664,1.11106,0.859,0.791,0.373478,0.343913,1.08597,1,0,0.833333,1.0,17.8,138847,1.0,17.4876,0.0515,233.2481719,39.8503698,22.2378,21.1644,19.815,19.1814,0.967333,18.6331,1,414,2458298.7664815,2458298.7664815,52.8093757629395,0,155822332588891938,155812332477494037,21.7723,20.7667,20.0352,19.7071,0.940991,23.1852,-999,-999.0,-999.0,-999.0,-999.0,-999.0,-999.0,2,721120225,2458160.988137,2458217.966829,18,,,,,,,,,,,,,,,,,,,2018-06-29T06:23:44.002,-0.35270000000000223
1455,ZTF18abdhoir,2458299.8505324,2,545350532615,19.5796,2,545350532615015000,t,0,545,26,721,797.152,113.284,233.8368878,39.59768010000001,17.5508,0.0697814,3.80641,17.6073,0.0536,12.8297,22.621,0.179,0.581,0.053,0.0217032,0.056496,2.7,0.983,113.284,1.97226,1.1177,0.927,0.87,0.343333,0.322222,1.06552,1,0,0.77,1.0,17.8,138847,1.0,17.625,0.0693,233.8346239,39.594526,22.1852,21.3465,20.758,20.5367,0.991417,17.3954,1,264,2458299.8505324,2458299.8505324,32.4424171447754,0,155522338349333321,155512338430159832,18.346,17.7962,17.5624,17.466,0.99875,17.7397,155512338356150536,17.3033,16.159,15.4584,15.1165,1.0,22.1728,4,721120226,2458160.988137,2458217.966829,17,,,,,,,,,,,,,,,,,,,2018-06-30T08:24:45.999,-0.24920000000000186
1458,ZTF18abdhoqv,2458299.8580324,2,545358032615,19.5062,2,545358032615015000,t,0,545,26,721,787.324,117.277,233.8407798,39.595808700000006,17.4841,0.0778503,5.48664,17.5712,0.0531,5.99897,23.268,0.301,0.529,-0.116,-1.42114,0.087128,3.21,0.983,117.277,1.93503,0.98096,1.017,0.915,0.316822,0.285047,1.11148,2,0,0.716667,1.0,17.8,138847,1.0,17.6191,0.0706,233.8422181,39.5945404,18.346,17.7962,17.5624,17.466,0.99875,14.0459,1,281,2458299.8580324,2458299.8580324,30.0939826965332,0,155512338430159832,155512338356150536,17.3033,16.159,15.4584,15.1165,1.0,21.0834,155522338349333321,22.1852,21.3465,20.758,20.5367,0.991417,28.4304,3,721120226,2458160.988137,2458217.966829,17,,,,,,,,,,,,,,,,,,,2018-06-30T08:35:33.999,-0.3158999999999992
1465,ZTF18abdhqyg,2458299.8827083,2,545382702615,19.4742,2,545382702615015000,t,0,545,26,721,751.839,125.891,233.8537369,39.5896566,17.5842,0.0571909,2.40002,17.6849,0.0654,6.17853,23.101,0.344,1.041,-0.443,-1.06089,0.100679,2.61,0.983,125.891,1.78931,1.11127,0.857,0.819,0.328352,0.313793,1.0464,0,0,0.786667,1.0,17.8,138847,1.0,17.6497,0.0809,233.8525958,39.5911605,18.9937,18.5224,18.3261,18.2704,1.0,10.1053,1,339,2458299.8827083,2458299.8827083,34.471179962158196,0,155502338511435858,155502338578038483,21.7732,21.579,20.9579,20.516,0.0508333,11.151,155512338508271145,-999.0,21.9258,20.3643,19.4586,0.988333,12.082,5,721120226,2458160.988137,2458217.966829,17,,,,,,,,,,,,,,,,,,,2018-06-30T09:11:05.997,-0.21580000000000155
1482,ZTF18abdhohs,2458299.8486458,2,545348642615,19.5997,1,545348642615015000,t,0,545,26,721,798.922,112.119,233.8359095,39.5981572,17.5532,0.0652932,3.39555,17.6445,0.0548,13.4047,22.621,0.179,0.581,0.053,-2.02411,0.091291,2.66,0.983,112.119,1.95525,1.12503,0.913,0.813,0.343233,0.305639,1.123,2,0,0.763333,1.0,17.8,138847,0.983442,17.7153,0.0744,233.8346239,39.594526,22.1852,21.3465,20.758,20.5367,0.991417,15.0238,1,254,2458299.8486458,2458299.8486458,26.2872714996338,0,155522338349333321,155512338430159832,18.346,17.7962,17.5624,17.466,0.99875,19.873,155512338356150536,17.3033,16.159,15.4584,15.1165,1.0,23.5703,6,721120226,2458160.988137,2458217.966829,17,,,,,,,,,,,,,,,,,,,2018-06-30T08:22:02.997,-0.24680000000000035
1495,ZTF18abdisrh,2458300.7037616,1,546203762715,20.8853,2,546203762715015007,t,7,546,27,721,2594.88,867.068,234.3007556,39.3943056,18.3705,0.0618077,3.18727,18.3736,0.0431,6.02837,22.655,0.272,1.002,-0.292,0.181599,0.003112,1.99,0.983,477.618,2.51173,1.22568,0.669,0.65,0.336181,0.326633,1.02923,5,0,0.723333,1.0,17.9,138847,0.985806,18.4321,0.0567,234.2985894,39.3940299,19.9293,18.6662,17.4154,16.8462,1.0,9.04196,1,407,2458300.7037616,2458300.7037616,37.3558120727539,0,155272342994266624,155262343043557012,21.295,21.1341,20.8832,20.6593,0.575083,22.7853,155272343063479925,-999.0,22.0063,21.51,20.6693,0.011875,23.6746,5,721120127,2458166.988831,2458206.004502,17,,,,,,,,,,,,,,,,,,,2018-07-01T04:53:25.002,0.47050000000000125
1502,ZTF18abdiwaj,2458300.7204514,1,546220452715,20.5184,2,546220452715015009,t,9,546,27,721,2574.59,877.752,234.30919190000003,39.3902363,18.4414,0.0751936,8.36871,18.4662,0.0643,14.716,21.358,0.056,0.314,0.017,0.200393,0.024821,2.05,1.0,497.905,2.05218,1.1604,0.67,0.615,0.326829,0.3,1.08943,3,0,0.703333,1.0,17.9,138847,0.993758,18.4445,0.0798,234.30425330000003,39.3886304,21.295,21.1341,20.8832,20.6593,0.575083,14.7536,1,408,2458300.7204514,2458300.7204514,37.3993911743164,0,155262343043557012,-999,-999.0,-999.0,-999.0,-999.0,-999.0,-999.0,-999,-999.0,-999.0,-999.0,-999.0,-999.0,-999.0,1,721120127,2458166.988831,2458206.004502,17,,,,,,,,,,,,,,,,,,,2018-07-01T05:17:27.001,0.541400000000003
1503,ZTF18abdjjtt,2458300.8018519,1,546301852715,20.0035,2,546301852715015004,t,4,546,27,721,2470.05,938.383,234.35043030000003,39.3699295,18.3439,0.0913346,4.42317,18.3533,0.0879,16.6681,22.198,0.118,0.327,-0.007,0.0707192,0.009351,1.72,0.983,602.451,1.65021,1.43008,0.661,0.611,0.384302,0.355233,1.08183,3,0,0.706667,1.0,17.9,138847,1.0,18.3778,0.1147,234.3558151,39.3720854,-999.0,21.6552,20.98,20.7193,0.00125,11.2882,1,409,2458300.8018519,2458300.8018519,28.5175838470459,0,155242343510140797,155242343552897747,21.5585,21.4263,-999.0,19.1928,0.5,16.2311,155242343558716870,21.7709,21.7674,21.2851,-999.0,0.003125,16.5703,7,721120127,2458166.988831,2458206.004502,17,,,,,,,,,,,,,,,,,,,2018-07-01T07:14:40.004,0.44390000000000285
1507,ZTF18abdjmnc,2458300.8185417005,2,546318542715,20.0705,2,546318542715015005,t,5,546,27,721,2446.72,947.299,234.35894700000003,39.3656822,17.5884,0.071899,19.2108,17.5807,0.0449,1.66638,23.141,0.302,0.612,-0.055,0.0326383,-0.007729,1.78,0.984,625.779,2.48981,1.26909,0.633,0.587,0.355618,0.329775,1.07836,6,0,0.743333,1.0,17.9,138847,0.944311,17.5457,0.0552,234.3591478,39.365239,22.2473,21.9334,-999.0,-999.0,0.5,17.2413,1,410,2458300.8185417005,2458300.8185417005,42.136833190918004,0,155232343586313661,155232343582273699,21.9336,21.4891,21.2684,-999.0,0.5,17.4867,155242343618404980,-999.0,21.6258,21.3607,-999.0,0.0,18.0862,7,721120227,2458160.988137,2458218.864109,16,,,,,,,,,,,,,,,,,,,2018-07-01T07:38:42.003,-0.31159999999999854
1517,ZTF18abdjrxn,2458300.8463773,2,546346372715,20.036,2,546346372715015004,t,4,546,27,721,2409.62,953.737,234.3732836,39.3585259,17.6326,0.0629999,17.9531,17.6621,0.0507,1.54759,20.175,0.046,1.576,-0.036,0.21393,0.029485,1.74,1.0,662.883,2.37387,1.27557,0.625,0.577,0.359195,0.331609,1.08319,4,0,0.796667,1.0,17.9,138847,0.977828,17.62,0.0619,234.3735273,39.3589157,21.473,20.3434,19.1071,18.5436,0.98,1.44859,1,411,2458300.8463773,2458300.8463773,48.132015228271506,0,155232343735251311,155232343710292724,21.8185,20.7409,20.1998,19.9963,0.978173,8.36579,155222343681308333,22.3846,21.851,21.2871,20.9124,0.0,15.8257,7,721120227,2458160.988137,2458218.864109,16,,,,,,,,,,,,,,,,,,,2018-07-01T08:18:46.999,-0.2673999999999985
1576,ZTF18abdkipx,2458301.6825,2,547182502715,20.4938,2,547182502715015009,t,9,547,27,721,1153.39,1732.58,234.8264527,39.152643,17.851,0.0554641,23.5248,17.8646,0.0359,4.80146,22.969,0.333,0.983,-0.17,0.00324986,0.013613,2.26,0.996,1153.39,2.62915,1.14053,0.746,0.731,0.330088,0.323451,1.02052,0,0,0.8,1.0,17.9,138847,1.0,17.8918,0.0461,234.8254328,39.1515482,-999.0,21.6749,21.0328,20.8602,0.5,22.0566,1,412,2458301.6825,2458301.6825,59.4145660400391,0,154982348338681308,154982348341431054,-999.0,21.8664,-999.0,-999.0,0.0,22.5771,-999,-999.0,-999.0,-999.0,-999.0,-999.0,-999.0,2,721120227,2458160.988137,2458218.864109,16,,,,,,,,,,,,,,,,,,,2018-07-02T04:22:48.000,-0.04899999999999949
1585,ZTF18abdkjpu,2458301.7606829,1,547260682715,20.3723,2,547260682715015028,t,28,547,27,721,1052.45,1626.97,234.86574680000004,39.1328414,18.2993,0.0772861,6.61847,18.3942,0.064,8.46262,22.755,0.341,1.256,-0.622,-0.165747,0.094904,2.07,0.983,1052.45,1.97812,1.22733,0.733,0.672,0.354106,0.324638,1.09077,2,0,0.743333,1.0,17.9,138847,1.0,18.3125,0.0753,234.866587,39.1305525,-999.0,-999.0,21.4616,20.8889,0.973083,9.28905,1,413,2458301.7606829,2458301.7606829,39.088371276855504,0,154962348664693123,154952348710807657,-999.0,21.6861,21.3487,20.8525,0.0104167,16.5439,-999,-999.0,-999.0,-999.0,-999.0,-999.0,-999.0,2,721120127,2458166.988831,2458206.004502,17,,,,,,,,,,,,,,,,,,,2018-07-02T06:15:23.003,0.3993000000000002
1589,ZTF18abdkmyy,2458301.781169,1,547281162715,20.255,2,547281162715015016,t,16,547,27,721,1027.98,1638.34,234.87609080000004,39.1275516,18.3314,0.0690016,3.58197,18.4166,0.0724,5.53435,22.834,0.332,1.062,-0.394,0.577849,0.085188,1.88,0.983,1027.98,1.83841,1.34607,0.7,0.696,0.37234,0.370213,1.00575,3,0,0.746667,1.0,17.9,138847,0.980155,18.4912,0.0986,234.8777679,39.1266933,-999.0,21.6861,21.3487,20.8525,0.0104167,18.3535,1,414,2458301.781169,2458301.781169,33.0836334228516,0,154952348710807657,154942348697037385,22.0939,21.8572,21.3962,-999.0,0.239679,26.2288,154962348781843049,-999.0,21.7426,21.5215,21.1363,0.0238036,28.7403,3,721120127,2458166.988831,2458206.004502,17,,,,,,,,,,,,,,,,,,,2018-07-02T06:44:53.002,0.4314
1592,ZTF18abdkqfh,2458301.803125,1,547303122715,20.1547,2,547303122715015020,t,20,547,27,721,998.339,1650.3,234.8872711,39.1218326,18.3657,0.093621,5.66845,18.4537,0.0814,7.74452,22.855,0.294,0.765,-0.358,-0.415861,0.087996,2.06,0.988,998.339,1.70095,1.2357,0.679,0.65,0.329612,0.315534,1.04462,4,0,0.68,1.0,17.9,138847,0.965104,18.3877,0.0976,234.88870580000003,39.1237076,21.7781,20.7069,20.1545,19.8148,0.997083,17.3377,1,415,2458301.803125,2458301.803125,29.9639167785645,0,154952348900432166,154952348880802892,-999.0,-999.0,21.4187,20.8312,0.792643,18.3676,154952348918452036,22.1976,21.0134,19.5788,18.9017,0.993333,20.1961,4,721120127,2458166.988831,2458206.004502,17,,,,,,,,,,,,,,,,,,,2018-07-02T07:16:30.000,0.4657000000000018
1603,ZTF18abdleml,2458301.8487847,2,547348782715,20.2157,2,547348782715015012,t,12,547,27,721,936.873,1669.12,234.9106282,39.1098033,17.7962,0.0557305,5.26828,17.834,0.0489,5.91219,20.703,0.06,1.459,-0.002,-0.26026,0.037806,1.67,0.983,936.873,2.38173,1.37592,0.673,0.598,0.402994,0.358084,1.12542,7,0,0.71,1.0,17.9,138847,0.950608,17.8339,0.0619,234.9100736,39.1081934,21.9322,20.9904,19.6497,19.0561,0.987875,5.97048,1,416,2458301.8487847,2458301.8487847,32.6679344177246,0,154932349101630461,154922349081729885,-999.0,21.9505,21.1865,20.7657,0.017,10.2601,154932349112897415,22.5829,21.7038,21.416,-999.0,0.00354167,15.3346,10,721120227,2458160.988137,2458218.864109,16,,,,,,,,,,,,,,,,,,,2018-07-02T08:22:14.998,-0.10379999999999967
1606,ZTF18abdlnqn,2458301.8677315,2,547367732715,19.8206,2,547367732715015010,t,10,547,27,721,909.066,1679.83,234.92042830000003,39.1047578,17.8065,0.0574158,3.65205,17.7883,0.0547,4.47759,21.894,0.143,1.221,0.036,-0.287859,-0.01821,2.54,0.984,909.066,2.03229,1.10353,0.895,0.77,0.352362,0.30315,1.16234,1,0,0.736667,1.0,17.9,138847,1.0,17.7506,0.0672,234.9220411,39.1046185,22.2016,21.6463,21.5621,21.2181,0.0,4.60054,1,417,2458301.8677315,2458301.8677315,38.6657066345215,0,154922349220606187,154932349241781858,20.6154,19.6905,19.1357,18.9513,0.0138333,19.58,154932349153354864,19.617,19.3623,19.3025,19.3444,1.0,28.9529,4,721120227,2458160.988137,2458218.864109,16,,,,,,,,,,,,,,,,,,,2018-07-02T08:49:32.002,-0.0934999999999988
1745,ZTF18abdmvyl,2458302.8206597,2,548320652215,19.792,2,548320652215015005,t,5,548,22,721,3006.81,2601.96,235.430007,38.8615971,17.8197,0.0724383,6.66149,17.7989,0.0434,2.4479,21.46,0.09,0.976,0.13,1.65758,-0.020816,5.09,0.983,65.6867,1.99306,0.731652,1.335,1.179,0.262279,0.231631,1.13232,0,0,0.613333,1.0,17.9,138847,1.0,17.7449,0.0523,235.4308861,38.8616931,-999.0,21.9098,21.5834,21.1496,0.0,2.62103,1,431,2458302.8206597,2458302.8206597,38.5107002258301,0,154632354309194804,154622354279379808,22.109,21.93,21.6041,21.2056,0.0,15.1728,154632354243157140,-999.0,22.0201,21.6397,-999.0,0.0269167,17.6815,7,721120222,2458160.988137,2458218.942743,18,,,,,,,,,,,,,,,,,,,2018-07-03T07:41:44.998,-0.0802999999999976
1754,ZTF18abdnghn,2458302.836875,2,548336872215,19.8404,2,548336872215015013,t,13,548,22,721,2984.76,2610.04,235.438293,38.85722,17.7508,0.0603515,4.94173,17.8039,0.0439,11.3911,21.475,0.086,0.835,0.002,1.44265,0.053095,6.68,0.983,87.7382,2.03651,0.529641,1.248,1.066,0.186826,0.159581,1.17073,0,0,0.516667,1.0,17.9,138847,1.0,17.8253,0.0565,235.4344486,38.8560859,21.1826,-999.0,21.2093,20.8105,0.5,7.9694,1,433,2458302.836875,2458302.836875,26.0079002380371,0,154622354392946703,154622354346677917,-999.0,21.6394,21.0974,20.7229,0.00375,11.2976,154622354361645896,21.8516,21.667,-999.0,-999.0,0.5,11.986,8,721120222,2458160.988137,2458218.942743,18,,,,,,,,,,,,,,,,,,,2018-07-03T08:05:06.000,-0.1491999999999969
1785,ZTF18abdmofk,2458302.806088,2,548306082215,19.764,1,548306082215015006,t,6,548,22,721,3026.1,2594.69,235.4225918,38.865602700000004,17.9183,0.0662724,13.0064,17.9507,0.0474,8.16209,21.97,0.113,0.625,0.105,1.86267,0.032419,4.47,0.983,46.4011,1.81334,0.897074,1.242,1.099,0.277852,0.245861,1.13012,0,0,0.683333,1.0,17.9,138847,1.0,17.9254,0.0587,235.42421389999998,38.8636836,-999.0,22.0201,21.6397,-999.0,0.0269167,8.28048,1,428,2458302.806088,2458302.806088,25.505916595459,0,154632354243157140,154632354180828274,-999.0,21.8087,21.2049,20.8818,0.920012,13.3979,154632354309194804,-999.0,21.9098,21.5834,21.1496,0.0,27.3044,5,721120222,2458160.988137,2458218.942743,18,,,,,,,,,,,,,,,,,,,2018-07-03T07:20:46.003,0.018299999999999983
1936,ZTF18abednvn,2458304.7017014,1,550201700515,21.0033,2,550201700515015012,t,12,550,5,721,197.407,639.374,236.431822,38.3614776,18.6052,0.0879334,15.4213,18.6532,0.0499,2.43907,22.586,0.231,0.921,0.089,-0.0794816,0.048033,2.04,1.0,197.407,2.3501,1.1931,0.649,0.629,0.318137,0.308333,1.0318,5,0,0.643333,1.0,18.0,138847,0.951544,18.711,0.0657,236.4322054,38.3620917,-999.0,15.3201,-999.0,13.6945,0.578637,12.9016,1,445,2458304.7017014,2458304.7017014,43.72104263305661,0,154032364333390283,154032364270705770,21.9279,21.3623,21.0613,20.7027,0.167875,13.9025,154022364343069661,11.569,10.579,10.173,9.965,0.5,15.8073,10,721120105,2458166.988831,2458206.004502,17,,,,,,,,,,,,,,,,,,,2018-07-05T04:50:27.001,0.6052
1950,ZTF18abeelos,2458304.8073958,1,550307390515,20.7885,2,550307390515015017,t,17,550,5,721,55.6418,711.98,236.4846295,38.3319812,18.4173,0.0576363,7.98188,18.5,0.0502,1.71886,22.835,0.35,1.298,-0.607,-0.222542,0.082696,2.0,0.983,55.6418,2.28851,1.25276,0.675,0.665,0.3375,0.3325,1.01504,3,0,0.743333,1.0,18.0,138847,0.984963,18.4132,0.0583,236.4846835,38.3324615,-999.0,21.6814,21.5784,20.9452,0.196125,10.4693,1,447,2458304.8073958,2458304.8073958,47.0230827331543,0,153992364880167711,153992364861595903,-999.0,-999.0,21.6457,-999.0,0.008125,10.6115,154002364935871006,19.4765,18.3541,17.7391,17.4633,1.0,26.0913,3,721120105,2458166.988831,2458206.004502,17,,,,,,,,,,,,,,,,,,,2018-07-05T07:22:38.997,0.4173000000000009
2209,ZTF18abeiesn,2458305.6862384,2,551186230415,20.4923,2,551186230415015013,t,13,551,4,721,1799.23,1651.49,236.9521234,38.0891165,17.7727,0.0658442,26.3552,17.7827,0.0361,6.51819,22.973,0.304,0.598,-0.31,0.299617,0.009951,2.14,0.993,1273.27,2.70959,1.11901,0.685,0.615,0.320093,0.287383,1.11382,7,0,0.71,1.0,18.0,138847,0.959481,17.754,0.0439,236.9507442,38.0905935,-999.0,-999.0,22.0798,21.173,0.003125,17.5617,1,437,2458305.6862384,2458305.6862384,54.7277717590332,0,153712369558122178,153702369588994071,-999.0,22.2255,21.4282,20.867,0.432333,21.9413,153702369604095248,21.3878,-999.0,-999.0,20.5585,0.0271131,24.9597,4,721120204,2458160.988137,2458217.966829,17,,,,,,,,,,,,,,,,,,,2018-07-06T04:28:10.998,-0.2272999999999996
2210,ZTF18abeiglz,2458305.6992014,1,551199200415,20.765,2,551199200415015030,t,30,551,4,721,1785.51,1667.32,236.9585311,38.0854833,18.404,0.090903,17.8189,18.4402,0.05,15.2218,22.999,0.349,0.969,-0.3,-0.0808889,0.036199,2.03,0.983,1286.99,2.32477,1.21926,0.694,0.635,0.341872,0.312808,1.09291,5,0,0.716667,1.0,18.0,138847,0.980418,18.4836,0.0649,236.9540192,38.08309129999999,-999.0,22.2255,21.4282,20.867,0.432333,2.76003,1,438,2458305.6992014,2458305.6992014,41.4724006652832,0,153702369588994071,153702369604095248,21.3878,-999.0,-999.0,20.5585,0.0271131,7.66761,153702369637814767,-999.0,22.1075,21.5983,-999.0,0.110958,15.5363,7,721120104,2458166.988831,2458206.004502,17,,,,,,,,,,,,,,,,,,,2018-07-06T04:46:51.001,0.4039999999999999
2218,ZTF18abeitgc,2458305.7277431,1,551227740415,20.864,2,551227740415015041,t,41,551,4,721,1745.12,1682.65,236.9727092,38.0774217,18.3193,0.062097,10.5281,18.3037,0.0395,10.3281,23.078,0.358,0.896,-0.244,-0.352423,-0.015637,2.15,0.983,1327.38,2.56034,1.19317,0.739,0.688,0.343721,0.32,1.07413,1,0,0.756667,1.0,18.0,138847,1.0,18.3066,0.0492,236.9711276,38.074797,21.1677,19.9439,18.9168,18.442,0.966125,16.0436,1,440,2458305.7277431,2458305.7277431,45.1432609558105,0,153692369688827417,153692369677830803,-999.0,-999.0,19.233,18.3518,0.5,16.3687,-999,-999.0,-999.0,-999.0,-999.0,-999.0,-999.0,2,721120104,2458166.988831,2458206.004502,17,,,,,,,,,,,,,,,,,,,2018-07-06T05:27:57.004,0.31929999999999836
2224,ZTF18abeqpjd,2458305.8034491,1,551303440415,20.8003,2,551303440415015041,t,41,551,4,721,1645.62,1742.82,237.01046380000003,38.0556766,18.644,0.0708945,6.49877,18.633,0.0528,5.35579,23.112,0.326,0.615,-0.421,0.0102443,-0.010997,2.35,0.999,1337.68,2.16727,1.1428,0.797,0.771,0.339149,0.328085,1.03372,0,0,0.696667,1.0,18.0,138847,1.0,18.597,0.0641,237.0112059,38.0570649,-999.0,22.0951,21.5737,-999.0,0.217161,14.215,1,441,2458305.8034491,2458305.8034491,41.623741149902294,0,153662370131433425,153672370170912071,-999.0,-999.0,21.7234,20.8787,0.485875,23.2003,153662370056580031,-999.0,-999.0,21.8701,-999.0,0.036875,26.0296,7,721120104,2458166.988831,2458206.004502,17,,,,,,,,,,,,,,,,,,,2018-07-06T07:16:58.002,0.6439999999999984
2232,ZTF18aberjad,2458305.8514352003,2,551351430415,20.0024,2,551351430415015007,t,7,551,4,721,1580.88,1764.44,237.0347244,38.0416355,17.7769,0.0632672,5.17116,17.7745,0.0418,0.653699,22.709,0.298,0.985,-0.289,-0.372633,-0.002447,2.77,0.983,1316.06,2.22787,1.12879,0.971,0.968,0.350542,0.349458,1.0031,0,0,0.743333,1.0,18.0,138847,1.0,17.7145,0.05,237.0345075,38.0417124,-999.0,-999.0,21.8738,21.3159,0.672679,5.80523,1,442,2458305.8514352003,2458305.8514352003,38.715812683105504,0,153642370363529375,153642370385309753,22.0043,21.3834,21.1541,20.9549,0.018875,11.0335,153642370290589598,-999.0,-999.0,21.6894,-999.0,0.08475,16.3145,6,721120204,2458160.988137,2458217.966829,17,,,,,,,,,,,,,,,,,,,2018-07-06T08:26:04.001,-0.22309999999999874
2238,ZTF18abernfb,2458305.8704514,2,551370450415,19.7604,2,551370450415015015,t,15,551,4,721,1553.65,1772.15,237.0444742,38.0360228,17.7915,0.0620622,2.42877,17.8225,0.0494,8.31638,22.841,0.318,0.874,-0.479,-0.416941,0.031038,3.12,0.982,1308.35,1.93793,1.09497,1.12,1.066,0.358974,0.341667,1.05066,0,0,0.763333,1.0,18.0,138847,1.0,17.8069,0.0618,237.0424725,38.03775260000001,-999.0,-999.0,21.9157,21.2425,0.005,13.1436,1,443,2458305.8704514,2458305.8704514,35.911891937255895,0,153642370490055039,153642370414138419,20.1245,19.7319,19.5778,19.5363,0.99125,16.4829,153642370385309753,22.0043,21.3834,21.1541,20.9549,0.018875,24.6533,5,721120204,2458160.988137,2458217.966829,17,,,,,,,,,,,,,,,,,,,2018-07-06T08:53:27.001,-0.2085000000000008
2264,ZTF18abeigsd,2458305.7001852,1,551200180415,20.7835,1,551200180415015045,t,45,551,4,721,1782.99,1665.86,236.9590366,38.0852031,18.3992,0.0517021,2.7148,18.4536,0.0493,14.3176,22.526,0.281,1.437,-0.402,0.176806,0.054377,2.04,0.983,1289.51,2.32986,1.22449,0.714,0.679,0.35,0.332843,1.05155,1,0,0.78,1.0,18.0,138847,1.0,18.4023,0.0589,236.9637866,38.0866993,-999.0,22.2255,21.4282,20.867,0.432333,3.56258,1,439,2458305.7001852,2458305.7001852,42.0095558166504,0,153702369588994071,153702369604095248,21.3878,-999.0,-999.0,20.5585,0.0271131,7.52379,153702369633270358,-999.0,-999.0,21.5953,-999.0,0.00858333,14.3524,7,721120104,2458166.988831,2458206.004502,17,,,,,,,,,,,,,,,,,,,2018-07-06T04:48:16.001,0.39920000000000044
2352,ZTF18abesrih,2458306.685625,2,552185620415,20.1263,2,552185620415015003,t,3,552,4,721,304.243,2626.49,237.4781174,37.80567,17.6026,0.088601,19.6675,17.6602,0.0324,12.4481,22.728,0.251,0.618,-0.305,-0.0454766,0.057572,3.93,0.982,304.243,2.46612,0.85554,1.084,0.809,0.275827,0.205852,1.33993,3,0,0.473333,1.0,18.0,138847,0.987108,17.6338,0.0395,237.4792078,37.8022764,-999.0,21.6157,21.4108,20.9619,0.932833,14.0865,1,444,2458306.685625,2458306.685625,38.1351737976074,0,153372374803561695,153372374780565032,-999.0,-999.0,21.854,20.6089,0.94919,22.7445,153352374805138507,22.1546,20.808,20.2694,20.037,0.146804,27.576,3,721120204,2458160.988137,2458217.966829,17,,,,,,,,,,,,,,,,,,,2018-07-07T04:27:18.000,-0.3974000000000011
2354,ZTF18abesxjr,2458306.695416701,2,552195410415,20.6177,2,552195410415015042,t,42,552,4,721,292.208,2639.97,237.4829752,37.80288779999999,17.6847,0.0576885,11.3969,17.6974,0.0309,8.77025,22.929,0.331,0.737,-0.489,0.0378565,0.012737,2.02,0.984,292.208,2.92028,1.16441,0.649,0.616,0.321287,0.304951,1.05357,4,0,0.706667,1.0,18.0,138847,0.943775,17.6914,0.0382,237.4852575,37.8012005,22.1546,20.808,20.2694,20.037,0.146804,18.1963,1,445,2458306.695416701,2458306.695416701,40.9290046691895,0,153352374805138507,153362374913034889,-999.0,21.8771,21.6674,21.2148,0.072369,23.7961,153372374803561695,-999.0,21.6157,21.4108,20.9619,0.932833,23.8259,3,721120204,2458160.988137,2458217.966829,17,,,,,,,,,,,,,,,,,,,2018-07-07T04:41:24.003,-0.3153000000000006
2361,ZTF18abetevb,2458306.7217477,1,552221740415,20.8983,2,552221740415015050,t,50,552,4,721,258.163,2664.37,237.4960024,37.7952842,18.4409,0.0724032,7.91234,18.5114,0.0469,16.9059,22.661,0.224,0.705,-0.239,0.264411,0.070485,2.02,0.983,258.163,2.38689,1.2441,0.731,0.657,0.361881,0.325248,1.11263,4,0,0.736667,1.0,18.0,138847,0.992009,18.544,0.0601,237.5020144,37.795105,-999.0,21.6121,20.5969,20.1025,0.948583,1.6725,1,446,2458306.7217477,2458306.7217477,41.6080322265625,0,153352374954555014,-999,-999.0,-999.0,-999.0,-999.0,-999.0,-999.0,-999,-999.0,-999.0,-999.0,-999.0,-999.0,-999.0,1,721120104,2458166.988831,2458206.004502,17,,,,,,,,,,,,,,,,,,,2018-07-07T05:19:19.001,0.4408999999999992
2366,ZTF18abeyoah,2458306.8193981005,1,552319390415,20.1383,2,552319390415015009,t,9,552,4,721,124.725,2731.42,237.5446568,37.7664234,18.5267,0.13221,4.09007,18.4186,0.0537,12.2666,21.736,0.094,0.657,0.061,-0.152166,-0.108093,6.29,0.867,124.725,1.71975,0.625117,1.641,1.383,0.26089,0.219873,1.18655,2,0,0.426667,1.0,18.0,138847,0.996988,18.3033,0.061,237.5469035,37.7634643,21.6337,20.5399,19.9889,19.7346,0.00375,12.5306,1,447,2458306.8193981005,2458306.8193981005,23.7486896514893,0,153312375469786762,153312375422876532,-999.0,21.9477,22.0142,-999.0,0.708643,13.2841,-999,-999.0,-999.0,-999.0,-999.0,-999.0,-999.0,2,721120104,2458166.988831,2458206.004502,17,,,,,,,,,,,,,,,,,,,2018-07-07T07:39:55.996,0.5267000000000017
2453,ZTF18abffwyx,2458307.6830324,2,553183030215,20.4417,2,553183030215015004,t,4,553,2,721,2319.39,565.163,238.00163540000003,37.5160307,17.8635,0.0664259,8.36015,17.867,0.039,14.3176,22.705,0.259,1.064,0.055,0.0493892,0.003487,3.13,0.983,565.163,2.57466,0.798876,0.806,0.629,0.257508,0.200958,1.2814,3,0,0.54,1.0,18.0,138847,1.0,17.8598,0.0485,237.99667830000004,37.5169136,21.1115,21.4634,20.8891,20.6105,0.0,17.9345,1,439,2458307.6830324,2458307.6830324,31.3945617675781,0,153012380020653927,153012380091967852,-999.0,22.1411,21.5404,20.9587,0.0214881,22.3125,153012379930878317,-999.0,-999.0,21.6499,-999.0,0.00366667,24.853,3,721120202,2458160.988137,2458217.966829,16,,,,,,,,,,,,,,,,,,,2018-07-08T04:23:33.999,-0.13650000000000162
2461,ZTF18abfghtz,2458307.7045255,2,553204520215,20.6124,2,553204520215015013,t,13,553,2,721,2289.38,578.141,238.01227000000003,37.5097175,18.0032,0.0643449,14.4317,17.9922,0.0411,5.80713,22.797,0.31,1.295,-0.484,0.178904,-0.011019,1.95,0.985,578.141,2.62023,1.17128,0.669,0.56,0.343077,0.287179,1.19464,7,0,0.63,1.0,18.0,138847,0.953397,17.9256,0.0484,238.01283250000003,37.5112886,22.2257,21.6372,21.3772,21.04,0.0174167,8.61417,1,440,2458307.7045255,2458307.7045255,40.9220733642578,0,153012380153572129,153012380153913803,-999.0,21.7427,21.4746,21.0471,0.01025,9.964,153012380091967852,-999.0,22.1411,21.5404,20.9587,0.0214881,18.8083,6,721120202,2458160.988137,2458217.966829,16,,,,,,,,,,,,,,,,,,,2018-07-08T04:54:31.003,0.0031999999999996476
2469,ZTF18abfgryy,2458307.720162,1,553220160215,20.9175,2,553220160215015013,t,13,553,2,721,2267.65,592.976,238.0199841,37.5050961,18.6061,0.0699415,5.91314,18.6072,0.0497,10.5776,22.856,0.263,0.657,-0.361,0.204169,0.001071,2.12,0.982,592.976,2.31031,1.19251,0.716,0.651,0.337736,0.307075,1.09985,1,0,0.756667,1.0,18.0,138847,1.0,18.6162,0.0625,238.0166412,37.5037513,22.2257,21.6372,21.3772,21.04,0.0174167,21.1383,1,441,2458307.720162,2458307.720162,37.5331573486328,0,153012380153572129,153012380153913803,-999.0,21.7427,21.4746,21.0471,0.01025,25.1804,153012380220774926,-999.0,21.8257,-999.0,21.2444,0.0438333,25.265,3,721120102,2458166.988831,2458206.004502,17,,,,,,,,,,,,,,,,,,,2018-07-08T05:17:01.997,0.6061000000000014
2475,ZTF18abfhgqm,2458307.7459722,1,553245970215,20.8102,2,553245970215015018,t,18,553,2,721,2232.78,612.869,238.0327315,37.49741210000001,18.4768,0.0625008,5.07202,18.544,0.0515,7.17388,21.777,0.096,0.635,0.028,-0.0251168,0.067232,2.2,0.982,612.869,2.26617,1.14801,0.724,0.652,0.329091,0.296364,1.11043,1,0,0.776667,1.0,18.0,138847,1.0,18.5099,0.0624,238.03179390000003,37.495535,21.7642,21.5005,21.3241,20.9119,0.0,7.43917,1,442,2458307.7459722,2458307.7459722,39.16018676757809,0,152992380318825219,152992380385362505,22.2027,21.1371,20.6019,20.3611,0.99375,22.0812,153002380309195137,-999.0,21.9556,21.6146,-999.0,0.0261667,23.4536,3,721120102,2458166.988831,2458206.004502,17,,,,,,,,,,,,,,,,,,,2018-07-08T05:54:11.998,0.4768000000000008
2478,ZTF18abfhlzx,2458307.8200694,1,553320060215,20.6093,2,553320060215015013,t,13,553,2,721,2135.37,672.289,238.0696927,37.4750029,18.4689,0.0904417,7.277,18.4666,0.0583,1.38704,23.022,0.361,0.922,-0.418,-0.0273224,-0.00232,2.31,0.983,672.289,2.1427,1.0626,0.707,0.626,0.306061,0.270996,1.12939,4,0,0.693333,1.0,18.0,138847,0.986803,18.4794,0.0742,238.0701717,37.47493,21.8593,21.4419,21.311,21.0158,0.921625,13.9701,1,443,2458307.8200694,2458307.8200694,35.9217185974121,0,152962380671926612,152962380742366801,22.232,21.9155,21.4261,20.9584,0.03125,17.2373,152972380633576401,-999.0,22.042,21.6106,21.0986,0.0535,25.223,3,721120102,2458166.988831,2458206.004502,17,,,,,,,,,,,,,,,,,,,2018-07-08T07:40:53.996,0.4689000000000014
2481,ZTF18abfjftt,2458307.8672454,2,553367240215,20.2126,2,553367240215015002,t,2,553,2,721,2068.3,693.905,238.0936102,37.4605363,18.0223,0.0577951,7.44064,18.0441,0.0611,6.72447,22.357,0.138,0.517,-0.186,0.11212,0.021781,1.77,0.985,693.905,2.16847,1.26515,0.649,0.581,0.366667,0.328249,1.11704,4,0,0.79,1.0,18.0,138847,0.980216,18.0464,0.0775,238.0959349,37.4609457,-999.0,22.0612,21.8261,-999.0,0.522,6.7518,1,444,2458307.8672454,2458307.8672454,34.9817428588867,0,152952380959143864,152952380903322193,-999.0,22.2691,21.4592,20.9875,0.981875,10.0546,152952380917130142,21.412,20.3512,19.6471,19.2868,0.995893,10.8124,10,721120202,2458160.988137,2458217.966829,16,,,,,,,,,,,,,,,,,,,2018-07-08T08:48:50.003,0.02230000000000132
2651,ZTF18abfmhlm,2458308.6967593,1,554196750215,20.8093,2,554196750215015038,t,38,554,2,721,787.698,1603.46,238.5319031,37.21488400000001,18.5435,0.0821695,17.2541,18.6032,0.0567,10.448,22.88,0.352,1.072,-0.566,0.0828718,0.059719,2.22,0.988,787.698,2.20606,1.08697,0.652,0.61,0.293694,0.274775,1.06885,5,0,0.716667,1.0,18.0,138847,0.989853,18.6109,0.0715,238.5355571,37.2152896,-999.0,-999.0,21.9618,-999.0,0.0945,3.83649,1,446,2458308.6967593,2458308.6967593,42.622016906738295,0,152652385330478105,152652385380565152,19.9094,19.2653,19.0165,18.9035,0.991625,20.3151,-999,-999.0,-999.0,-999.0,-999.0,-999.0,-999.0,2,721120102,2458166.988831,2458206.004502,17,,,,,,,,,,,,,,,,,,,2018-07-09T04:43:20.004,0.5435000000000016
2661,ZTF18abfmvjo,2458308.7124769,1,554212470215,20.9246,2,554212470215015038,t,38,554,2,721,762.0,1612.08,238.539644,37.2101068,18.5073,0.0641263,2.55018,18.572,0.0477,3.55723,22.585,0.257,0.972,-0.179,-0.0646105,0.064686,2.11,0.982,762.0,2.35265,1.20288,0.714,0.624,0.338389,0.295735,1.14423,3,0,0.743333,1.0,18.0,138847,0.994282,18.5515,0.0586,238.5409001,37.2101399,19.9094,19.2653,19.0165,18.9035,0.991625,8.4765,1,447,2458308.7124769,2458308.7124769,40.0975799560547,0,152652385380565152,152652385422685569,-999.0,-999.0,21.5739,20.9686,0.0075,11.4561,152652385330478105,-999.0,-999.0,21.9618,-999.0,0.0945,24.4975,4,721120102,2458166.988831,2458206.004502,17,,,,,,,,,,,,,,,,,,,2018-07-09T05:05:58.004,0.5073000000000008
2662,ZTF18abfqyaj,2458308.8157639,2,554315760215,20.1871,2,554315760215015010,t,10,554,2,721,622.389,1690.92,238.5908874,37.1783717,18.0199,0.0608873,6.49432,17.9908,0.0512,8.21672,23.026,0.331,0.932,-0.254,-0.121235,-0.029083,3.8,0.984,622.389,2.19628,0.692354,0.895,0.678,0.235526,0.178421,1.32006,2,0,0.54,1.0,18.0,138847,0.992173,17.9584,0.0628,238.5918217,37.17618270000001,-999.0,21.5111,21.0499,20.6307,0.0,12.8496,1,450,2458308.8157639,2458308.8157639,26.911207199096694,0,152612385929348324,152612385930888761,22.2293,-999.0,20.7392,20.4766,0.5,12.9487,152612385889109493,-999.0,21.6977,21.3629,20.7175,0.0135833,15.5755,7,721120202,2458160.988137,2458217.966829,16,,,,,,,,,,,,,,,,,,,2018-07-09T07:34:42.001,0.019899999999999807
2667,ZTF18abfnqra,2458308.7393287,2,554239320215,20.5293,2,554239320215015014,t,14,554,2,721,727.464,1638.09,238.5528825,37.2019358,17.8608,0.0535876,18.8594,17.8346,0.0374,11.0884,22.865,0.19,0.323,0.093,-0.0966464,-0.026209,2.24,0.983,727.464,2.6947,1.04765,0.698,0.591,0.311607,0.263839,1.18105,6,0,0.69,1.0,18.0,138847,0.971794,17.8007,0.0453,238.5539613,37.2049306,-999.0,-999.0,21.6983,-999.0,0.00333333,13.2805,1,449,2458308.7393287,2458308.7393287,46.8698577880859,0,152642385563765886,152642385570951033,17.0626,15.8896,15.2704,14.9757,0.992101,13.3684,152642385502487965,-999.0,21.7831,21.6197,21.0307,0.0025,16.7037,6,721120202,2458160.988137,2458217.966829,16,,,,,,,,,,,,,,,,,,,2018-07-09T05:44:38.000,-0.13919999999999888
2673,ZTF18abfroyd,2458308.8431944,2,554343190215,18.6976,2,554343190215015002,t,2,554,2,721,585.245,1703.03,238.6047271,37.1698065,17.8817,0.0998435,1.36939,17.6399,0.1603,15.6418,22.871,0.362,1.399,-0.211,0.787265,-0.241761,1.77,0.982,585.245,1.05773,1.29974,0.691,0.676,0.390395,0.381921,1.02219,2,0,0.62,1.0,18.0,138847,1.0,17.5731,0.1932,238.6098476,37.1714515,-999.0,22.0934,21.1749,20.5692,0.314679,19.2952,1,451,2458308.8431944,2458308.8431944,13.776990890502901,0,152602385996790189,152602386143782290,-999.0,-999.0,21.5861,20.9967,0.875583,28.5284,-999,-999.0,-999.0,-999.0,-999.0,-999.0,-999.0,2,721120202,2458160.988137,2458217.966829,16,,,,,,,,,,,,,,,,,,,2018-07-09T08:14:11.996,-0.1183000000000014
2680,ZTF18abfsiql,2458308.8843866,1,554384380215,19.995,2,554384380215015028,t,28,554,2,721,525.713,1724.3,238.625645,37.1568805,18.3253,0.0919541,4.95992,18.198,0.0821,1.199,22.725,0.253,0.791,-0.298,-0.251852,-0.127306,2.39,0.987,525.713,1.79699,1.03987,0.696,0.636,0.291213,0.266109,1.09434,0,0,0.71,1.0,18.0,138847,1.0,17.7816,0.0768,238.625252,37.1570081,15.1289,14.8181,14.7106,14.6976,0.970911,7.82188,1,452,2458308.8843866,2458308.8843866,28.7641086578369,0,152582386283608682,152582386243635284,22.0474,20.6363,19.7264,19.2959,0.94925,11.4605,152592386227093279,-999.0,-999.0,-999.0,21.0378,0.670006,15.3552,8,721120102,2458166.988831,2458206.004502,17,,,,,,,,,,,,,,,,,,,2018-07-09T09:13:31.002,0.3252999999999986
2687,ZTF18abfmhau,2458308.6957755,1,554195770215,20.61,1,554195770215015022,t,22,554,2,721,789.631,1603.27,238.53140430000002,37.215139799999996,18.5003,0.0831698,9.23296,18.5477,0.0614,11.7636,22.88,0.352,1.072,-0.566,0.173544,0.047374,2.12,0.986,789.631,2.0623,1.18778,0.738,0.639,0.348113,0.301415,1.15493,1,0,0.733333,1.0,18.0,138847,1.0,18.4765,0.0723,238.5355571,37.2152896,-999.0,-999.0,21.9618,-999.0,0.0945,5.49896,1,445,2458308.6957755,2458308.6957755,36.3646850585938,0,152652385330478105,152652385380565152,19.9094,19.2653,19.0165,18.9035,0.991625,22.0136,-999,-999.0,-999.0,-999.0,-999.0,-999.0,-999.0,2,721120102,2458166.988831,2458206.004502,17,,,,,,,,,,,,,,,,,,,2018-07-09T04:41:55.003,0.5002999999999993
2692,ZTF18abfnqng,2458308.7383912,2,554238390215,20.5372,1,554238390215015023,t,23,554,2,721,729.3,1637.57,238.5524262,37.202247799999995,17.8121,0.0807653,36.4129,17.8412,0.037,10.4825,22.865,0.19,0.323,0.093,0.260784,0.029092,2.52,0.993,729.3,2.69598,0.945026,0.696,0.575,0.27619,0.228175,1.21043,0,0,0.633333,1.0,18.0,138847,1.0,17.8398,0.046,238.5539613,37.204930600000004,-999.0,-999.0,21.6983,-999.0,0.00333333,13.6721,1,448,2458308.7383912,2458308.7383912,57.3097534179688,0,152642385563765886,152642385570951033,17.0626,15.8896,15.2704,14.9757,0.992101,15.0395,152642385502487965,-999.0,21.7831,21.6197,21.0307,0.0025,15.1399,6,721120202,2458160.988137,2458217.966829,16,,,,,,,,,,,,,,,,,,,2018-07-09T05:43:17.000,-0.18789999999999907
2801,ZTF18abgcflw,2458311.7492824,1,557249286015,20.8206,2,557249286015015025,t,25,557,60,679,2290.85,2786.53,240.1218979,36.2681764,18.4134,0.0837032,12.5794,18.4652,0.0498,3.70983,22.207,0.148,0.479,0.003,0.155612,0.051774,2.24,0.983,293.968,2.35545,1.08773,0.745,0.659,0.332589,0.294196,1.1305,1,0,0.7,1.0,18.1,138847,1.0,18.47,0.0623,240.1206039,36.2681886,22.233,21.3494,20.3988,20.0042,1.0,3.21434,1,731,2458311.7492824,2458311.7492824,41.6430702209473,0,151522401208582556,151522401208925034,-999.0,21.9765,21.5724,-999.0,0.00958333,8.4335,151522401264621222,17.9484,17.4036,17.1877,17.107,1.0,13.191,5,679120160,2458203.915127,2458227.858634,17,,,,,,,,,,,,,,,,,,,2018-07-12T05:58:57.999,0.3133999999999979
2847,ZTF18abgkkdz,2458312.6959722,2,558195976315,20.4491,2,558195976315015003,t,3,558,63,679,895.756,893.754,240.6155714,35.9632838,17.7302,0.0645274,14.5941,17.7512,0.0358,3.82347,23.102,0.357,0.974,-0.119,-0.402965,0.020998,1.86,0.983,893.754,2.69789,1.31552,0.675,0.668,0.362903,0.35914,1.01048,2,0,0.79,1.0,18.1,138847,1.0,17.7237,0.0436,240.6168642,35.9635298,-999.0,22.0921,21.1198,20.6105,0.0156667,9.14349,1,738,2458312.6959722,2458312.6959722,56.29817199707029,0,151152406185577170,151142406192208494,-999.0,22.4886,-999.0,-999.0,0.5,26.4586,151142406119397589,-999.0,21.8494,21.2667,20.8811,0.183214,28.9553,3,679120263,2458158.965289,2458218.966042,19,,,,,,,,,,,,,,,,,,,2018-07-13T04:42:11.998,-0.36980000000000146
2849,ZTF18abglgwq,2458312.7126852,2,558212686315,20.3437,2,558212686315015003,t,3,558,63,679,876.267,909.084,240.6237712,35.9578162,17.8135,0.0475563,7.68193,17.7748,0.0371,2.9581,23.187,0.352,0.776,-0.198,-0.179793,-0.038662,2.4,0.983,876.267,2.56887,1.10221,0.738,0.694,0.3075,0.289167,1.0634,2,0,0.816667,1.0,18.1,138847,1.0,17.7829,0.0467,240.6232256,35.9571099,-999.0,22.4886,-999.0,-999.0,0.5,14.0196,1,739,2458312.7126852,2458312.7126852,32.3681449890137,0,151142406192208494,151142406218074487,-999.0,21.8301,-999.0,-999.0,0.5,17.6197,151152406185577170,-999.0,22.0921,21.1198,20.6105,0.0156667,26.0389,5,679120263,2458158.965289,2458218.966042,19,,,,,,,,,,,,,,,,,,,2018-07-13T05:06:16.001,-0.2865000000000002
2861,ZTF18abgmhdn,2458312.7350926003,2,558235096315,20.6347,2,558235096315015006,t,6,558,63,679,844.743,929.386,240.6348152,35.9504706,17.8917,0.055323,16.1831,17.8511,0.0363,0.967209,22.935,0.245,0.551,-0.135,-0.00348551,-0.040571,1.95,0.993,844.743,2.78359,1.14982,0.737,0.663,0.377949,0.34,1.11161,6,0,0.726667,1.0,18.1,138847,0.948206,17.8447,0.0449,240.6349521,35.9507211,-999.0,21.8624,21.3225,20.9179,0.0207917,13.6059,1,740,2458312.7350926003,2458312.7350926003,44.8936767578125,0,151142406330655352,151142406354806549,20.6162,20.7359,20.5999,20.6004,0.984625,16.0131,151142406280552136,-999.0,21.751,21.7299,-999.0,0.0005,20.0212,8,679120263,2458158.965289,2458218.966042,19,,,,,,,,,,,,,,,,,,,2018-07-13T05:38:32.001,-0.20830000000000126
