,objectId,jd,fid,pid,diffmaglim,programid,candid,isdiffpos,tblid,nid,rcid,field,xpos,ypos,ra,decl,magpsf,sigmapsf,chipsf,magap,sigmagap,distnr,magnr,sigmagnr,chinr,sharpnr,sky,magdiff,fwhm,classtar,mindtoedge,magfromlim,seeratio,aimage,bimage,aimagerat,bimagerat,elong,nneg,nbad,rb,ssdistnr,ssmagnr,ssnamenr,sumrat,magapbig,sigmagapbig,ranr,decnr,sgmag1,srmag1,simag1,szmag1,sgscore1,distpsnr1,ndethist,ncovhist,jdstarthist,jdendhist,scorr,tooflag,objectidps1,objectidps2,sgmag2,srmag2,simag2,szmag2,sgscore2,distpsnr2,objectidps3,sgmag3,srmag3,simag3,szmag3,sgscore3,distpsnr3,nmtchps,rfid,jdstartref,jdendref,nframesref,rbversion,dsnrms,ssnrms,dsdiff,magzpsci,magzpsciunc,magzpscirms,nmatches,clrcoeff,clrcounc,zpclrcov,zpmed,clrmed,clrrms,neargaia,neargaiabright,maggaia,maggaiabright,exptime,drb,drbversion,obsdate,mjd,magcorrZTF,magOO,phaseangle,heliodist,geodist,velocity,magcorrOO
113080,ZTF18aborocd,2458352.8368403,1,598336843715,19.7729,1,598336843715015003,t,3,598,37,440,533.1,2826.82,313.2731176000001,-1.6522758999999998,17.8282,0.06113480000000001,3.43256,17.7153,0.0652,7.151739999999999,23.03,0.316,0.638,-0.055999999999999994,0.6371859999999999,-0.112908,1.85,0.983,253.67700000000002,2.05756,1.2286,0.7120000000000001,0.68,0.384865,0.367568,1.04706,3,0,0.863333,0.0,17.2,2759,0.993809,17.7093,0.0828,313.2711087,-1.6523747,17.9692,17.9849,18.7193,-999.0,0.5,16.0682,1,5,2458352.8368403,2458352.8368403,34.058235168456996,0,106013132772215593,106013132685338603,18.2812,-999.0,19.4011,-999.0,0.5,16.6769,106023132771800651,18.2607,17.6891,17.4248,17.3114,0.9995,17.0003,9,440120137,2458228.982743,2458346.814884,15,t8_f5_c3,34.762,51.5683,-16.8064,26.1462,4.1481999999999995e-06,0.031577,2053.0,-0.042592000000000005,1.1225899999999999e-05,-6.44e-06,26.122,0.516,0.200271,16.9993,-999.0,17.5759,-999.0,,,,2018-08-22T08:05:03.002,58352.33641205915,0.6281999999999996,17.739246404743078,3.6823323604938825,5.4224291932676065,4.461601554341963,0.13246416415714413,0.08895359525692115
221066,ZTF18abuccpm,2458369.6898958,2,615189892415,20.5851,1,615189892415015009,t,9,615,24,440,2525.93,752.209,311.7198531,-2.9680059,17.3213,0.0416715,10.6325,17.3447,0.0228,8.73511,22.901999999999997,0.307,0.9420000000000001,-0.264,0.22902399999999998,0.023387,1.99,0.983,546.571,3.24041,1.20733,0.6970000000000001,0.6579999999999999,0.35025100000000003,0.33065300000000003,1.0592700000000002,6,0,0.86,0.0,17.3,2759,0.971657,17.3249,0.0276,311.7174100000001,-2.9677343,-999.0,21.4978,20.0314,19.3557,0.99375,12.4183,1,2,2458369.6898958,2458369.6898958,57.4477005004883,0,104433117173885906,104433117233337113,-999.0,-999.0,21.6664,21.02,0.6789109999999999,13.7004,104433117154518884,22.1847,20.8786,20.064,19.663,0.916208,15.7108,10,440120224,2458247.974479,2458366.817569,15,t8_f5_c3,63.6083,146.24,-82.6313,26.2293,1.2562000000000001e-06,0.027412,2119.0,0.09131,3.5724e-06,-1.97e-06,26.276999999999997,0.48100000000000004,0.217337,22.7122,85.09,18.4449,12.0686,,,,2018-09-08T04:33:26.997,58369.18946755911,0.021300000000000097,17.356919811352228,6.031430533685682,5.428222810599549,4.5675370794612205,0.1111039310936197,-0.035619811352226805
276947,ZTF18abvcego,2458372.7957292004,2,618295722515,20.5191,1,618295722515015011,t,11,618,25,440,255.146,1636.99,311.4973154,-3.2129286,17.5346,0.0412955,7.417619999999999,17.5337,0.0275,7.24915,21.224,0.075,0.975,-0.11,0.027609199999999997,-0.000915,1.86,0.983,255.146,2.98536,1.31968,0.6829999999999999,0.652,0.367204,0.350538,1.04755,1,0,0.89,0.0,17.4,2759,1.0,17.5322,0.0343,311.4993113,-3.2124942,22.0598,21.4415,20.1456,19.5546,0.955167,7.37933,1,10,2458372.7957292004,2458372.7957292004,58.8484306335449,0,104143114993175465,104143114969807514,21.7094,21.0852,-999.0,-999.0,0.030291700000000005,8.051860000000001,104143114972467680,21.6006,20.9893,19.7015,19.0123,0.874167,8.34552,11,440120225,2458247.974479,2458363.788484,15,t8_f5_c3,64.0559,117.85799999999999,-53.8018,26.2776,1.4699000000000001e-06,0.024322,2152.0,0.081692,4.6167e-06,-2.45e-06,26.320999999999998,0.47,0.188727,19.4897,-999.0,17.9001,-999.0,,,,2018-09-11T07:05:51.003,58372.29530095963,0.1346000000000025,17.39189050648573,6.4707362697277,5.429275329464813,4.595113888894303,0.10538767367304416,0.1427094935142712
327635,ZTF18abvuoil,2458375.668287,2,621168282515,20.4861,1,621168282515015029,t,29,621,25,440,891.47,2420.58,311.3134672,-3.4378465,17.4571,0.0448591,59.6863,17.4408,0.0264,4.264069999999999,22.839000000000002,0.248,0.575,-0.287,-0.018712,-0.016302,1.99,1.0,659.918,3.0453200000000002,1.21916,0.6779999999999999,0.664,0.340704,0.33366799999999996,1.02108,1,0,0.856667,0.0,17.4,2759,1.0,17.4219,0.0323,311.3131173999999,-3.4389935,21.7861,20.627,19.6492,19.1996,0.969125,5.28174,1,11,2458375.668287,2458375.668287,79.0423583984375,0,103873113127926617,103873113160954052,22.1234,21.615,21.0407,20.6926,0.969583,9.89403,103873113105834569,21.8497,21.6524,20.2772,-999.0,0.5,10.2854,13,440120225,2458247.974479,2458363.788484,15,t8_f5_c3,68.0338,127.95700000000001,-59.9232,26.2781,1.46e-06,0.024943,2151.0,0.0862,4.5575e-06,-2.43e-06,26.324,0.47200000000000003,0.190002,5.28057,88.711,20.1773,12.7609,,,,2018-09-14T04:02:19.997,58375.16785875895,0.05710000000000193,17.423779952026774,6.864775991140996,5.430244556320135,4.622658048434934,0.1003278881364605,0.03332004797322696
328982,ZTF18abvvtgc,2458375.7297801003,1,621229782515,20.706,1,621229782515015010,t,10,621,25,440,923.5989999999999,2438.95,311.3095889,-3.4426479,18.0596,0.0550569,12.3656,18.0549,0.0353,8.95129,21.226,0.057,0.539,0.009000000000000001,0.449167,-0.0047350000000000005,2.15,0.983,641.555,2.65112,1.21248,0.748,0.688,0.347907,0.32,1.08721,3,0,0.833333,0.0,17.4,2759,0.9984069999999999,18.0701,0.0446,311.3115309,-3.4442517,-999.0,-999.0,22.0468,-999.0,0.155792,3.7044900000000003,1,12,2458375.7297801003,2458375.7297801003,57.555999755859396,0,103863113087159726,103863113115017322,21.2788,20.0143,18.8187,18.2638,1.0,9.01266,103873113067861682,-999.0,-999.0,-999.0,19.9447,0.443024,12.8158,12,440120125,2458228.982743,2458336.815185,15,t8_f5_c3,65.322,102.59700000000001,-37.2749,26.2646,1.5522e-06,0.022158,2142.0,-0.056557,4.8742e-06,-2.59e-06,26.237,0.47,0.189729,9.01234,-999.0,19.4369,-999.0,,,,2018-09-14T05:30:53.001,58375.229351859554,0.6596000000000011,17.995472913260166,6.8732433336647025,5.430265260023074,4.6232675901898155,0.10020933610291924,0.06412708673983403
647270,ZTF18acbwhtw,2458423.5843287003,2,669084324815,19.544,1,669084324815015009,t,9,669,48,388,2688.12,937.145,311.7153126,-6.4117527,17.9431,0.061355099999999996,1.2188,17.9328,0.0761,3.13001,21.136999999999997,0.092,1.061,-0.162,-0.0666597,-0.010338,2.8,0.981,384.385,1.6111799999999998,1.0513,0.917,0.836,0.3275,0.29857100000000003,1.09689,1,0,0.806667,0.0,18.0,2759,1.0,17.8698,0.0916,311.7148766,-6.410986599999998,22.0363,21.1938,20.7196,20.4189,0.870875,3.3389699999999998,1,33,2458423.5843287003,2458423.5843287003,31.1070957183838,0,100303117148777250,100303117168677820,-999.0,22.1545,21.4438,21.1097,0.053125,7.204739999999999,100313117144680628,22.3408,21.342,20.3209,19.8605,0.992042,13.2272,9,388120248,2458247.974942,2458338.828542,15,t8_f5_c3,20.3941,39.0118,-18.6178,25.8961,3.4116e-06,0.033267000000000005,2158.0,0.068988,8.5385e-06,-5.06e-06,25.938000000000002,0.519,0.218475,26.9125,-999.0,17.1057,-999.0,30.0,,,2018-11-01T02:01:26.000,58423.083900459584,-0.05689999999999884,17.868638184479913,10.475077376377588,5.445800262419296,5.284081749741683,0.08381583784276442,0.07446181552008824
776400,ZTF18aceghya,2458429.5846065,2,675084606115,20.0165,1,675084606115015027,t,27,675,61,389,2924.58,1944.86,312.2275818,-6.6315575,17.9937,0.06580319999999999,8.78916,18.0024,0.0593,1.99111,17.589000000000002,0.017,0.599,-0.004,0.0876009,0.008745999999999999,3.13,0.983,147.924,2.01408,0.905536,0.795,0.705,0.253994,0.22524,1.12766,4,0,0.743333,0.0,18.0,2759,0.996618,18.0383,0.0763,312.2274144,-6.6320926999999985,18.8816,17.6708,17.0494,16.77,0.987792,2.1496299999999997,1,68,2458429.5846065,2458429.5846065,23.324836730957,0,100043122274121900,100043122259963028,17.847,17.0607,16.7331,16.5669,1.0,5.930219999999999,100043122310371604,-999.0,22.2243,21.8932,-999.0,0.791667,12.6632,10,389120261,2458256.920023,2458351.709803,15,t8_f5_c3,32.203,59.7777,-27.5747,25.9977,1.7011000000000001e-06,0.025348,2093.0,0.06588300000000001,4.3543e-06,-2.55e-06,26.035999999999998,0.511,0.218533,2.14425,-999.0,17.4574,-999.0,30.0,,,2018-11-07T02:01:50.002,58429.08417825914,-0.006299999999999528,17.908870045442143,10.479606871911043,5.447665476334155,5.380630785517584,0.09545851030019711,0.08482995455785769
778470,ZTF18acehyvz,2458429.6678125,1,675167816115,20.2412,1,675167816115015017,t,17,675,61,389,2889.85,1949.16,312.2351635,-6.634334299999999,18.5687,0.09219060000000001,2.55767,18.6332,0.0831,6.77223,16.97,0.015,0.7490000000000001,-0.013999999999999999,-0.0716778,0.06451699999999999,2.54,0.982,182.649,1.60802,1.12025,0.8190000000000001,0.736,0.322441,0.28976399999999997,1.11277,0,0,0.73,0.0,18.0,2759,1.0,18.4682,0.0915,312.2364516,-6.635743,16.9481,16.548,16.4067,16.3508,0.9975,6.931830000000001,1,90,2458429.6678125,2458429.6678125,31.670120239257802,0,100033122364817544,100043122327182724,19.1777,18.5449,18.2916,18.1661,0.99875,13.5652,100033122336544965,19.3191,18.9046,18.730999999999998,18.6515,0.916625,14.0397,10,389120161,2458263.960232,2458372.75272,15,t8_f5_c3,24.1023,42.7958,-18.6935,26.0207,3.0355e-06,0.031125999999999997,2094.0,-0.059486000000000004,7.707100000000001e-06,-4.52e-06,25.989,0.511,0.221894,6.933330000000001,-999.0,16.4898,-999.0,30.0,,,2018-11-07T04:01:39.000,58429.16738425942,0.5686999999999998,18.480414956795677,10.479166482662368,5.447691209787828,5.381978427682946,0.09601735780237824,0.08828504320432273
814957,ZTF18acesnpo,2458430.576794,2,676076794815,19.8279,1,676076794815015015,t,15,676,48,388,581.8380000000001,2030.58,312.3213066,-6.6641132,17.8855,0.07189730000000001,8.33085,17.8628,0.0676,4.32419,22.668000000000003,0.27399999999999997,0.647,-0.377,0.17736300000000002,-0.022697,2.48,0.983,581.8380000000001,1.96512,0.965601,0.764,0.642,0.30806500000000003,0.258871,1.19003,1,0,0.806667,0.0,18.0,2759,1.0,17.8417,0.0847,312.3204583,-6.6649866,-999.0,21.3287,20.7309,20.4021,0.993125,6.53193,1,92,2458430.576794,2458430.576794,39.221733093261705,0,100003123198334742,100003123175633431,20.008,19.1766,18.8384,18.6892,0.9970829999999999,13.390999999999998,100003123181158360,19.5208,19.0903,18.8912,18.8308,1.0,18.575,8,388120248,2458247.974942,2458338.828542,15,t8_f5_c3,27.803,48.3687,-20.5657,26.0195,1.8225e-06,0.027048000000000003,2082.0,0.077441,4.6339e-06,-2.73e-06,26.064,0.516,0.21624899999999997,13.3904,79.6234,19.0567,13.0989,30.0,,,2018-11-08T01:50:35.002,58430.07636575914,-0.1144999999999996,17.915115222102017,10.47110058425065,5.447972099543639,5.396617185832242,0.09744947681771632,-0.029615222102016503
815679,ZTF18acetjaz,2458430.6439236,1,676143924815,20.3633,1,676143924815015022,t,22,676,48,388,520.645,2016.87,312.3275707,-6.66625,18.4972,0.08332439999999999,5.28006,18.4928,0.0682,5.776730000000001,20.834,0.059000000000000004,1.2009999999999998,0.042,0.0705169,-0.004425,2.11,0.983,520.645,1.87051,1.2514399999999999,0.777,0.7190000000000001,0.368246,0.340758,1.08067,2,0,0.806667,0.0,18.0,2759,1.0,18.4734,0.0849,312.3278914,-6.6678432,20.8285,19.9116,19.5453,19.365,1.0,5.9633400000000005,3,96,2458430.6430208,2458430.644838,37.299343109130895,0,99993123278909056,100003123278674144,-999.0,22.0625,20.8342,20.2821,0.974125,9.575660000000001,99993123302415136,20.9092,20.5523,20.4278,20.3629,0.996667,19.8638,5,388120148,2458254.93816,2458344.854051,15,t8_f5_c3,29.6537,48.0545,-18.4008,26.0752,2.7339999999999996e-06,0.028109,2091.0,-0.045517,6.8619e-06,-4.06e-06,26.051,0.518,0.21936399999999998,5.9639999999999995,63.5011,19.8341,13.0989,30.0,,,2018-11-08T03:27:14.999,58430.143495359465,0.4971999999999994,18.486548084621912,10.470576861175477,5.447992826589713,5.397703048726209,0.09782927605454324,0.010651915378087295
872372,ZTF18acgxhhc,2458432.584537,2,678084536115,19.5996,1,678084536115015031,t,31,678,61,389,1900.05,2296.01,312.5185116,-6.7266461,17.8642,0.0608635,1.51342,17.9183,0.0625,3.7941599999999998,21.741,0.174,0.938,-0.031,-0.556032,0.054076,3.1,0.983,784.493,1.68133,1.09365,1.013,0.9890000000000001,0.32677399999999995,0.31903200000000004,1.02427,2,0,0.813333,0.0,18.0,2759,1.0,17.8672,0.0759,312.5177001,-6.7273452,-999.0,21.9856,21.5256,20.8705,0.60878,4.2088,1,38,2458432.584537,2458432.584537,33.322093963623,0,99923125176757437,99923125158617104,-999.0,-999.0,21.541,-999.0,0.11653599999999999,10.5656,99933125155451744,-999.0,21.8139,21.2692,20.9469,0.279833,14.6497,12,389120261,2458256.920023,2458351.709803,15,t8_f5_c3,18.3856,41.0146,-22.629,25.9822,2.9148e-06,0.032202,2093.0,0.075901,7.355499999999999e-06,-4.33e-06,26.026999999999997,0.514,0.22139299999999998,20.5889,46.6892,18.6465,13.8407,30.0,,,2018-11-10T02:01:43.997,58432.08410875919,-0.1357999999999997,17.927392822697783,10.446102360231977,5.448590998580209,5.428945561766791,0.10153114225004563,-0.0631928226977827
873278,ZTF18acgzodt,2458432.6475926004,1,678147596115,19.6939,1,678147596115015023,t,23,678,61,389,1879.15,2299.0,312.52470839999995,-6.7285322,18.4966,0.120126,1.3545,18.5701,0.0938,3.2231099999999997,19.048,0.019,0.726,-0.036000000000000004,-0.568753,0.073461,4.42,0.978,781.4989999999999,1.12376,0.85626,1.27,1.0759999999999998,0.28733000000000003,0.243439,1.1803,0,0,0.63,0.0,18.0,2759,1.0,18.4994,0.1119,312.5238353000001,-6.7287968,19.0356,18.6721,18.5219,18.4997,1.0,3.26917,1,40,2458432.6475926004,2458432.6475926004,19.4594345092773,0,99923125238315844,99923125176757437,-999.0,21.9856,21.5256,20.8705,0.60878,25.4091,99913125238147380,-999.0,-999.0,21.3666,-999.0,0.389937,26.3322,4,389120161,2458263.960232,2458372.75272,15,t8_f5_c3,9.29118,23.7953,-14.5041,26.0106,7.5154999999999994e-06,0.042985,1962.0,-0.037666000000000005,1.94613e-05,-1.134e-05,25.99,0.511,0.21600300000000003,3.27871,38.7979,18.6465,13.8407,30.0,,,2018-11-10T03:32:32.001,58432.147164359696,0.4966000000000008,18.498784763619312,10.445278845217148,5.448610401803057,5.4299651211156705,0.10195134294299109,-0.002184763619311525
1628426,ZTF18acyklae,2458471.5804514,2,717080455015,17.7412,2,717080455015015086,t,86,717,50,389,2195.94,413.217,318.0383501,-7.0759019,17.9056,0.214088,1.1029200000000001,17.6237,0.2384,2.5526400000000002,23.096,0.349,0.537,-0.209,1.48433,-0.281911,5.08,0.975,413.217,0.117487,0.718594,1.666,1.229,0.327953,0.241929,1.3555700000000002,2,0,0.406667,1.0,18.1,2759,1.0,17.8101,0.3634,318.0378827,-7.076450299999999,22.2576,21.941,21.5844,21.3233,0.0,23.403000000000002,1,51,2458471.5804514,2458471.5804514,7.3345036506652805,0,99503180394661676,99503180391751535,-999.0,-999.0,21.1869,-999.0,0.5,23.5318,99513180385278170,18.2211,17.6962,17.4727,17.3802,0.993375,26.5113,4,389120250,2458256.920023,2458363.788935,15,t8_f5_c3,2.04057,7.51014,-5.46957,25.3346,6.352819999999999e-05,0.061109000000000004,580.0,0.093447,0.000140008,-8.989e-05,25.401,0.584,0.203769,38.8844,-999.0,17.4456,-999.0,30.0,,,2018-12-19T01:55:51.001,58471.08002315928,-0.19440000000000168,18.06283892230026,8.170956173652778,5.460190805707273,6.009594038025191,0.17203146684319542,-0.15723892230025882
1628558,ZTF18acylikh,2458471.5853704,2,717085375015,18.0042,2,717085375015015004,t,4,717,50,389,2188.88,410.611,318.03956469999997,-7.0757195999999976,17.9566,0.16242,1.29626,17.7837,0.2601,6.47673,23.096,0.349,0.537,-0.209,5.421130000000001,-0.17291600000000001,4.01,0.986,410.611,0.220521,0.758803,1.103,0.972,0.275062,0.242394,1.13477,3,0,0.57,0.0,18.1,2759,1.0,17.74,0.321,318.0378827,-7.076450299999999,22.2576,21.941,21.5844,21.3233,0.0,23.7561,1,52,2458471.5853704,2458471.5853704,9.41070556640625,0,99503180394661676,99503180391751535,-999.0,-999.0,21.1869,-999.0,0.5,23.883000000000003,99513180385278170,18.2211,17.6962,17.4727,17.3802,0.993375,26.1093,3,389120250,2458256.920023,2458363.788935,15,t8_f5_c3,3.1849,9.75433,-6.5694300000000005,25.3676,4.65447e-05,0.06642,827.0,0.060033,9.45769e-05,-6.261e-05,25.404,0.5920000000000001,0.23220500000000002,36.5954,-999.0,18.7948,-999.0,30.0,,,2018-12-19T02:02:56.003,58471.08494215925,-0.14339999999999975,18.06284333055835,8.170496701244604,5.4601922179209454,6.009657972047319,0.17208300917100502,-0.10624333055834967
1628662,ZTF18acylvlr,2458471.5902778,2,717090275015,17.9876,2,717090275015015006,t,6,717,50,389,2181.26,408.796,318.0404605,-7.0756865000000015,18.1146,0.149819,0.8983709999999999,17.9492,0.302,9.48921,23.096,0.349,0.537,-0.209,-7.44849,-0.16539500000000001,1.54815,0.99,408.796,0.038437,2.0,0.909,0.784,0.5871529999999999,0.506412,1.15944,4,0,0.59,1.0,18.1,2759,0.976073,17.5217,0.2617,318.0378827,-7.076450299999999,22.2576,21.941,21.5844,21.3233,0.0,24.1613,1,53,2458471.5902778,2458471.5902778,6.58171272277832,0,99503180394661676,99503180391751535,-999.0,-999.0,21.1869,-999.0,0.5,24.2841,99513180385278170,18.2211,17.6962,17.4727,17.3802,0.993375,26.6349,4,389120250,2458256.920023,2458363.788935,15,t8_f5_c3,3.3518,7.047960000000001,-3.69616,25.4606,3.86244e-05,0.062084,847.0,0.071387,7.90293e-05,-5.214e-05,25.51,0.588,0.231318,33.4186,-999.0,18.7948,-999.0,30.0,,,2018-12-19T02:10:00.002,58471.089849559125,0.014599999999997948,18.062847724845025,8.170038062425876,5.460193626791322,6.009721776636879,0.17213591215898588,0.051752275154974825
1659172,ZTF18aczahlm,2458472.5845255,2,718084525015,19.1652,2,718084525015015002,t,2,718,50,389,1566.29,363.60900000000004,318.21511019999997,-7.0641277,18.2565,0.10953199999999999,2.07556,18.3817,0.1376,2.6272900000000003,19.269000000000002,0.025,0.799,0.027000000000000003,-0.556195,0.125174,3.97,0.982,363.60900000000004,0.783493,0.8670260000000001,1.0390000000000001,0.9159999999999999,0.26171300000000003,0.23073000000000002,1.13428,2,0,0.7,0.0,18.1,2759,1.0,18.2744,0.1599,318.2148798,-7.0648308,19.9763,19.3274,19.0191,18.8991,0.988125,2.71545,1,54,2458472.5845255,2458472.5845255,16.342239379882802,0,99523182148912642,99523182160557991,20.7706,19.4566,18.3773,17.8662,0.988958,13.9474,99523182208125635,21.8884,20.6063,19.7874,19.3759,0.997,21.4655,8,389120250,2458256.920023,2458363.788935,15,t8_f5_c3,7.57485,17.4634,-9.888539999999999,26.1885,8.8232e-06,0.048598,1559.0,0.09366000000000001,1.59373e-05,-1.108e-05,26.25,0.605,0.265048,2.71133,-999.0,19.2992,-999.0,30.0,,,2018-12-20T02:01:43.003,58472.08409725923,0.15649999999999764,18.063552950782228,8.075052250938496,5.460478799883024,6.02242354282936,0.17347060254611588,0.1929470492177714
1659406,ZTF18aczajcb,2458472.5893866,2,718089385015,19.2958,2,718089385015015002,t,2,718,50,389,1552.02,361.963,318.2159893,-7.064074400000001,18.1943,0.06840310000000001,1.63599,18.2181,0.1182,4.75946,19.269000000000002,0.025,0.799,0.027000000000000003,0.00286021,0.023762000000000002,3.09,0.983,361.963,1.0776700000000001,0.991419,0.917,0.902,0.296764,0.29190900000000003,1.01663,3,0,0.783333,0.0,18.1,2759,1.0,18.1707,0.1449,318.2148798,-7.0648308,19.9763,19.3274,19.0191,18.8991,0.988125,4.79404,1,55,2458472.5893866,2458472.5893866,21.135057449340803,0,99523182148912642,99523182160557991,20.7706,19.4566,18.3773,17.8662,0.988958,13.3337,99523182208125635,21.8884,20.6063,19.7874,19.3759,0.997,18.4307,8,389120250,2458256.920023,2458363.788935,15,t8_f5_c3,10.6597,23.2348,-12.5751,26.1873,6.3637e-06,0.043666,1616.0,0.091294,1.14634e-05,-7.98e-06,26.246,0.605,0.266434,4.78603,-999.0,19.2992,-999.0,30.0,,,2018-12-20T02:08:43.002,58472.08895835932,0.09429999999999694,18.063556581968214,8.074590699359911,5.460480192852579,6.02248605323969,0.1735232059532043,0.13074341803178413
1694966,ZTF18aczfcsp,2458473.5751736,2,719075175015,19.3281,2,719075175015015000,t,0,719,50,389,947.7689999999999,321.666,318.3904482,-7.0516613,17.9639,0.07738819999999999,3.65518,18.0737,0.1182,5.87576,16.756,0.018000000000000002,0.698,-0.016,-0.028843,0.109796,2.82,0.983,321.666,1.25441,0.9312549999999999,0.8,0.659,0.283688,0.233688,1.21396,1,0,0.703333,0.0,18.1,2759,1.0,17.9895,0.1398,318.3904773,-7.0533171,17.993,16.8449,16.3277,16.0824,1.0,6.03379,1,56,2458473.5751736,2458473.5751736,28.6663818359375,0,99533183905026439,99533183942108472,-999.0,21.5831,21.7455,-999.0,0.0912262,12.9816,99533183866479193,21.024,20.4651,20.3054,20.1886,1.0,13.8766,9,389120250,2458256.920023,2458363.788935,15,t8_f5_c3,16.143,31.3569,-15.2139,26.2059,4.317900000000001e-06,0.037064,1624.0,0.082475,7.7624e-06,-5.41e-06,26.258000000000003,0.606,0.266045,6.03491,26.7824,16.6732,12.7815,30.0,,,2018-12-21T01:48:14.999,58473.07474535937,-0.13610000000000255,18.064108656620753,7.978971855053454,5.460762412279344,6.0349362759065315,0.17474536979448338,-0.10020865662075451
1695322,ZTF18aczfegc,2458473.5800463,2,719080045015,19.3729,2,719080045015015000,t,0,719,50,389,937.547,319.42400000000004,318.3912849,-7.0516106,17.9956,0.08879930000000001,3.69785,18.0582,0.1117,6.698519999999999,16.756,0.018000000000000002,0.698,-0.016,0.278627,0.062591,2.51,0.997,319.42400000000004,1.3147,1.04339,0.79,0.696,0.314741,0.277291,1.13506,3,0,0.786667,0.0,18.1,2759,0.990926,18.1086,0.1501,318.3904773,-7.0533171,17.993,16.8449,16.3277,16.0824,1.0,6.823689999999999,1,57,2458473.5800463,2458473.5800463,25.4660148620605,0,99533183905026439,99533183942108472,-999.0,21.5831,21.7455,-999.0,0.0912262,9.99499,99533183866479193,21.024,20.4651,20.3054,20.1886,1.0,16.8079,8,389120250,2458256.920023,2458363.788935,15,t8_f5_c3,11.2896,27.8146,-16.5251,26.2066,4.5055e-06,0.038689999999999995,1623.0,0.08976100000000001,8.1235e-06,-5.65e-06,26.265,0.606,0.265467,6.826110000000001,27.7842,16.6732,12.7815,30.0,,,2018-12-21T01:55:16.000,58473.07961805911,-0.10440000000000182,18.064111574397792,7.978502511894639,5.46076380597829,6.034998195156749,0.17479578654811595,-0.06851157439779243
1695638,ZTF18aczffli,2458473.5849074,2,719084905015,19.3628,2,719084905015015000,t,0,719,50,389,927.677,317.258,318.3921703000001,-7.0515407,17.9231,0.0665196,2.3639099999999997,17.8316,0.0922,6.51598,23.029,0.327,0.48100000000000004,-0.36200000000000004,0.26665500000000003,-0.09145700000000001,2.27,0.983,317.258,1.53122,1.14089,0.816,0.764,0.359471,0.336564,1.06806,4,0,0.81,0.0,18.1,2759,0.9883049999999999,17.8069,0.1158,318.3940035,-7.051766199999999,-999.0,21.5831,21.7455,-999.0,0.0912262,6.8463899999999995,1,58,2458473.5849074,2458473.5849074,26.3776359558105,0,99533183942108472,99533183905026439,17.993,16.8449,16.3277,16.0824,1.0,8.80899,99533183866479193,21.024,20.4651,20.3054,20.1886,1.0,19.9249,7,389120250,2458256.920023,2458363.788935,15,t8_f5_c3,20.421,33.3319,-12.9109,26.1861,4.3124e-06,0.039969,1623.0,0.099825,7.7836e-06,-5.41e-06,26.25,0.606,0.26588,8.81205,29.0937,16.6732,12.7815,30.0,,,2018-12-21T02:02:15.999,58473.08447915923,-0.17689999999999984,18.06411448167103,7.978034044605766,5.460765196346726,6.035059987963669,0.17484753615214904,-0.1410144816710286
1696077,ZTF18aczfhjo,2458473.5897685,2,719089765015,19.3669,2,719089765015015000,t,0,719,50,389,916.5310000000001,316.026,318.3929965,-7.051495299999999,17.9859,0.0722875,3.57419,17.9492,0.1035,3.6800900000000003,23.029,0.327,0.48100000000000004,-0.36200000000000004,-0.07306119999999999,-0.03667,2.27,0.983,316.026,1.41769,1.12575,0.747,0.675,0.329075,0.29735700000000004,1.10667,2,0,0.793333,0.0,18.1,2759,0.964728,17.922,0.1293,318.3940035,-7.051766199999999,-999.0,21.5831,21.7455,-999.0,0.0912262,3.93171,1,59,2458473.5897685,2458473.5897685,27.3005428314209,0,99533183942108472,99533183905026439,17.993,16.8449,16.3277,16.0824,1.0,11.1253,99543183931876138,22.0426,21.8528,21.5635,21.4808,0.304222,22.5071,6,389120250,2458256.920023,2458363.788935,15,t8_f5_c3,17.4511,31.6651,-14.2141,26.1909,4.2153e-06,0.037755000000000004,1625.0,0.08830299999999999,7.5728e-06,-5.28e-06,26.248,0.607,0.266281,11.1286,30.6205,16.6732,12.7815,30.0,,,2018-12-21T02:09:15.998,58473.08934025933,-0.11410000000000053,18.064117384880973,7.9775653301374625,5.46076658670241,6.035121801003979,0.1749006943996509,-0.07821738488097196
1697039,ZTF18aczoffx,2458474.5749653,2,720074965015,18.9236,2,720074965015015000,t,0,720,50,389,326.23,277.435,318.5686721,-7.0382416,18.1473,0.0942388,1.53261,18.1278,0.1567,8.89729,22.945,0.34,0.625,-0.46799999999999997,0.686525,-0.019452,3.93,0.9790000000000001,277.435,0.795804,0.75716,0.972,0.95,0.24732800000000002,0.24173000000000003,1.02316,2,0,0.71,0.0,18.1,2759,1.0,18.0402,0.1857,318.5709475,-7.0371597999999995,-999.0,20.7938,20.1103,-999.0,0.5,13.6518,1,60,2458474.5749653,2458474.5749653,15.814736366272,0,99553185670768593,99553185668039538,16.8026,16.3343,16.1356,16.0755,0.998393,16.4289,99563185718620444,-999.0,21.3162,21.526999999999997,21.0067,0.00416667,20.9188,9,389120250,2458256.920023,2458363.788935,15,t8_f5_c3,8.08867,17.0075,-8.91888,26.1823,8.775399999999999e-06,0.048476,1514.0,0.094441,1.58671e-05,-1.101e-05,26.243000000000002,0.603,0.26708699999999996,16.4264,52.9809,16.2604,12.7874,30.0,,,2018-12-22T01:47:57.002,58474.0745370593,0.0472999999999999,18.06452107226226,7.880594891486909,5.461048107366029,6.0474195713025605,0.17609234549462963,0.08277892773774198
1697332,ZTF18aczogqc,2458474.5800347,2,720080035015,19.0459,2,720080035015015000,t,0,720,50,389,313.27099999999996,274.587,318.5696183,-7.0382007,18.1577,0.0855518,2.16862,18.0243,0.1257,5.9798599999999995,22.945,0.34,0.625,-0.46799999999999997,0.9853040000000001,-0.133359,2.96,0.982,274.587,1.02155,1.02094,1.117,0.998,0.377365,0.33716199999999996,1.11924,0,0,0.686667,0.0,18.1,2759,1.0,17.8361,0.1357,318.5709475,-7.0371597999999995,-999.0,20.7938,20.1103,-999.0,0.5,15.2321,1,61,2458474.5800347,2458474.5800347,17.485427856445302,0,99553185670768593,99553185668039538,16.8026,16.3343,16.1356,16.0755,0.998393,17.9445,99563185718620444,-999.0,21.3162,21.526999999999997,21.0067,0.00416667,19.1645,8,389120250,2458256.920023,2458363.788935,15,t8_f5_c3,6.67144,18.1595,-11.4881,26.1867,8.1939e-06,0.046544,1568.0,0.085238,1.4725799999999999e-05,-1.026e-05,26.243000000000002,0.605,0.26714299999999996,17.9425,55.5476,16.2604,12.7874,30.0,,,2018-12-22T01:55:14.998,58474.079606459476,0.057699999999996976,18.06452334364112,7.880099303140397,5.46104955459898,6.047483250889319,0.17614526632694283,0.09317665635887806
1697652,ZTF18aczoido,2458474.5851042005,2,720085105015,19.1268,2,720085105015015000,t,0,720,50,389,300.257,272.14,318.5704894,-7.0380743,18.1691,0.08605510000000001,1.33479,18.1238,0.1368,3.62764,22.945,0.34,0.625,-0.46799999999999997,-0.57402,-0.045347000000000005,2.91,0.983,272.14,1.00299,0.968621,0.88,0.785,0.302406,0.269759,1.1210200000000001,4,0,0.713333,0.0,18.1,2759,0.9789459999999999,18.1008,0.1719,318.5709475,-7.0371597999999995,-999.0,20.7938,20.1103,-999.0,0.5,16.9297,1,62,2458474.5851042005,2458474.5851042005,18.423885345459002,0,99553185670768593,99563185725560007,-999.0,-999.0,22.1061,21.230999999999998,0.727696,17.4416,99563185718620444,-999.0,21.3162,21.526999999999997,21.0067,0.00416667,17.6588,7,389120250,2458256.920023,2458363.788935,15,t8_f5_c3,11.6588,21.4901,-9.83129,26.1781,7.2046000000000004e-06,0.044708,1601.0,0.086893,1.29885e-05,-9.04e-06,26.235,0.606,0.265552,19.5151,58.1909,16.2604,12.7874,30.0,,,2018-12-22T02:02:33.003,58474.08467595978,0.06909999999999883,18.0645256108644,7.8796034412041465,5.46105100184664,6.047546954101868,0.17619974077073275,0.10457438913559969
1697895,ZTF18aczojhx,2458474.5901619997,2,720090165015,19.0787,2,720090165015015000,t,0,720,50,389,288.347,270.464,318.5714125,-7.0380164,18.09,0.08406989999999999,2.45702,18.1293,0.1405,3.4760800000000005,22.945,0.34,0.625,-0.46799999999999997,-0.758871,0.039255,3.32,0.982,270.464,0.949392,0.8703299999999999,0.904,0.865,0.272289,0.260542,1.04509,3,0,0.723333,0.0,18.1,2759,0.989777,18.2083,0.1937,318.5709475,-7.0371597999999995,-999.0,-999.0,22.1061,21.230999999999998,0.727696,16.0946,1,63,2458474.5901619997,2458474.5901619997,18.5477924346924,0,99563185725560007,99563185718620444,-999.0,21.3162,21.526999999999997,21.0067,0.00416667,16.8459,99553185766763982,20.4128,19.136,18.2725,17.8906,0.990583,18.9522,8,389120250,2458256.920023,2458363.788935,15,t8_f5_c3,9.99899,20.7444,-10.7454,26.171999999999997,6.395599999999999e-06,0.042913,1588.0,0.0891,1.1608e-05,-8.05e-06,26.23,0.605,0.264253,18.9516,60.8733,18.7867,12.7874,30.0,,,2018-12-22T02:09:49.997,58474.08973375941,-0.010000000000001563,18.064527868093883,7.879108454160179,5.461052445740156,6.0476105317739535,0.1762555881147193,0.025472131906116857
1714680,ZTF18aczyegj,2458475.5744212996,2,721074425115,19.1369,2,721074425115015000,t,0,721,51,389,2767.13,231.175,318.7480773,-7.023801700000001,18.0568,0.0722686,1.45232,17.8793,0.1242,3.8385,20.891,0.059000000000000004,0.614,-0.055999999999999994,-0.6759270000000001,-0.177471,2.08,0.9840000000000001,231.175,1.2576200000000002,1.1825700000000001,0.754,0.653,0.3625,0.313942,1.15467,2,0,0.78,0.0,18.1,2759,1.0,17.9708,0.1733,318.7487436,-7.0229459,21.9877,21.0734,20.1547,19.7118,0.832274,3.71625,1,64,2458475.5744212996,2458475.5744212996,19.4905624389648,0,99573187486252805,99573187468930688,-999.0,-999.0,21.6955,21.3905,0.179726,5.15475,99573187513581275,-999.0,21.9998,21.159000000000002,20.8037,0.9625,11.9268,9,389120251,2458256.920023,2458363.788935,15,t8_f5_c3,16.9526,26.7239,-9.77132,26.1058,5.3106e-06,0.040553,1541.0,0.082497,9.5084e-06,-6.6e-06,26.159000000000002,0.596,0.276839,32.3123,-999.0,20.0867,-999.0,30.0,,,2018-12-23T01:47:10.000,58475.07399305935,-0.04320000000000235,18.064782020249847,7.780849752823484,5.461333168896395,6.05974970111817,0.17741406396316528,-0.007982020249848176
1715097,ZTF18aczyfyt,2458475.5793287004,2,721079325115,19.2822,2,721079325115015000,t,0,721,51,389,2753.77,228.419,318.7489744,-7.0237172999999995,17.967,0.0758295,3.9803699999999997,17.9782,0.1224,2.86118,20.891,0.059000000000000004,0.614,-0.055999999999999994,-0.61925,0.011156999999999999,2.15,0.9840000000000001,228.419,1.3040200000000002,1.11258,0.6970000000000001,0.623,0.32418600000000003,0.289767,1.1187799999999999,5,0,0.78,0.0,18.1,2759,0.978824,17.8683,0.142,318.7487436,-7.0229459,21.9877,21.0734,20.1547,19.7118,0.832274,2.9312400000000003,1,65,2458475.5793287004,2458475.5793287004,24.2852382659912,0,99573187486252805,99573187468930688,-999.0,-999.0,21.6955,21.3905,0.179726,8.03669,99573187513581275,-999.0,21.9998,21.159000000000002,20.8037,0.9625,8.84055,9,389120251,2458256.920023,2458363.788935,15,t8_f5_c3,14.806,27.3319,-12.5259,26.086,4.2117e-06,0.038117000000000005,1543.0,0.085727,7.530700000000001e-06,-5.23e-06,26.139,0.596,0.27675700000000003,31.7083,-999.0,17.7585,-999.0,30.0,,,2018-12-23T01:54:14.000,58475.078900459695,-0.13300000000000267,18.064783473251506,7.7803630944547075,5.461334567240804,6.059810617826014,0.1774655871778943,-0.09778347325150705
1715514,ZTF18aczylzn,2458475.5842361,2,721084235115,19.2128,2,721084235115015000,t,0,721,51,389,2744.35,226.144,318.7498558000001,-7.023666599999999,17.9507,0.0644909,2.60184,17.8906,0.1142,4.68752,20.891,0.059000000000000004,0.614,-0.055999999999999994,-0.07854610000000001,-0.060115999999999996,2.66,0.983,226.144,1.3222200000000002,0.9485389999999999,0.757,0.647,0.284586,0.243233,1.17002,5,0,0.76,0.0,18.1,2759,0.9909540000000001,17.9679,0.1572,318.7487436,-7.0229459,21.9877,21.0734,20.1547,19.7118,0.832274,4.9229,1,66,2458475.5842361,2458475.5842361,23.087354660034197,0,99573187486252805,99573187513581275,-999.0,21.9998,21.159000000000002,20.8037,0.9625,5.90149,99573187468930688,-999.0,-999.0,21.6955,21.3905,0.179726,11.0115,12,389120251,2458256.920023,2458363.788935,15,t8_f5_c3,15.5384,28.1439,-12.6054,26.0687,5.195399999999999e-06,0.041172,1542.0,0.08834600000000001,9.285e-06,-6.45e-06,26.125,0.596,0.27681300000000003,29.6518,-999.0,16.9285,-999.0,30.0,,,2018-12-23T02:01:17.999,58475.08380785911,-0.1493000000000002,18.06478492207205,7.779876188427152,5.461335965571935,6.059871555210056,0.17751854738319353,-0.11408492207204901
1715875,ZTF18aczywml,2458475.5891551003,2,721089155115,19.177,2,721089155115015001,t,1,721,51,389,2737.61,224.87400000000002,318.7507663,-7.0236108999999995,17.9365,0.0751347,2.78343,17.8513,0.1172,3.52198,21.923000000000002,0.149,0.723,-0.121,-0.135629,-0.08520599999999999,2.17,1.0,224.87400000000002,1.32569,1.12878,0.77,0.693,0.35483899999999996,0.319355,1.11111,3,0,0.81,0.0,18.1,2759,0.990633,17.8905,0.1559,318.7513797,-7.0243970000000004,-999.0,21.9998,21.159000000000002,20.8037,0.9625,3.3207800000000005,1,67,2458475.5891551003,2458475.5891551003,24.9951324462891,0,99573187513581275,99573187486252805,21.9877,21.0734,20.1547,19.7118,0.832274,7.825360000000001,99573187468930688,-999.0,-999.0,21.6955,21.3905,0.179726,14.1697,12,389120251,2458256.920023,2458363.788935,15,t8_f5_c3,16.499000000000002,27.8753,-11.3763,26.0455,4.995299999999999e-06,0.041108,1548.0,0.090752,8.9225e-06,-6.2e-06,26.104,0.596,0.276851,26.7499,-999.0,16.9285,-999.0,30.0,,,2018-12-23T02:08:23.001,58475.088726859554,-0.16350000000000264,18.06478636959587,7.779387876697643,5.461337367195647,6.05993265667049,0.1775730301204372,-0.1282863695958696
1846966,ZTF18adblcvh,2458482.5767014,2,728076706115,18.113,2,728076706115015027,t,27,728,61,390,212.05700000000002,2903.67,320.0378453,-6.8975516,17.9849,0.165676,1.0831899999999999,18.0532,0.2074,7.29972,21.511,0.12300000000000001,1.028,-0.196,-2.09836,0.068311,5.73,0.973,176.835,0.059838800000000004,0.7734489999999999,1.425,1.173,0.248691,0.20471199999999998,1.2148299999999999,1,0,0.506667,0.0,18.1,2759,1.0,17.9807,0.2491,320.0396095000001,-6.8964788,21.8216,21.4429,21.2341,21.1078,0.722905,7.49955,1,20,2458482.5767014,2458482.5767014,8.69883728027344,0,99723200396764745,99723200397720742,21.6877,20.3368,19.5955,19.2152,0.995208,10.5294,99723200397726386,-999.0,21.5367,21.4853,-999.0,0.00541667,11.3674,6,390120261,2458257.960961,2458429.6264009997,15,t8_f5_c3,2.81295,9.231110000000001,-6.418159999999999,25.7949,3.53173e-05,0.051917,639.0,0.07498300000000001,6.84599e-05,-4.6500000000000005e-05,25.840999999999998,0.605,0.23366199999999998,37.2828,37.9854,14.4908,11.549000000000001,30.0,,,2018-12-30T01:50:27.001,58482.076273159124,-0.11510000000000176,18.06223596127854,7.044932110255051,5.463315225468099,6.141781508143448,0.18616187570389697,-0.07733596127853914
1847288,ZTF18adblfcx,2458482.5816204,2,728081626115,18.3998,2,728081626115015029,t,29,728,61,390,207.426,2898.99,320.0387215,-6.8974558,18.1134,0.17486400000000002,0.9096799999999999,18.1047,0.1774,4.67232,21.511,0.12300000000000001,1.028,-0.196,-1.02552,-0.008707,4.43,0.973,181.51,0.295104,0.9438120000000001,1.416,1.265,0.319639,0.285553,1.11937,1,0,0.563333,0.0,18.1,2759,1.0,18.04,0.2146,320.0396095000001,-6.8964788,21.8216,21.4429,21.2341,21.1078,0.722905,4.8946,1,21,2458482.5816204,2458482.5816204,9.68014526367188,0,99723200396764745,99723200397720742,21.6877,20.3368,19.5955,19.2152,0.995208,9.08422,99723200397726386,-999.0,21.5367,21.4853,-999.0,0.00541667,9.390460000000001,7,390120261,2458257.960961,2458429.6264009997,15,t8_f5_c3,3.13064,9.541139999999999,-6.4105,25.6994,3.35166e-05,0.059986000000000005,814.0,0.09034299999999999,6.22666e-05,-4.301e-05,25.7605,0.606,0.24728000000000003,34.4349,37.964,14.4908,11.549000000000001,30.0,,,2018-12-30T01:57:32.003,58482.0811921591,0.013399999999997192,18.06223194128517,7.04439902954678,5.463316608518012,6.14183718181523,0.1862171450278331,0.0511680587148291
1847525,ZTF18adblheb,2458482.5865509,2,728086556115,18.4759,2,728086556115015028,t,28,728,61,390,203.209,2895.57,320.0395936000001,-6.897267,18.1007,0.128217,1.15995,18.3187,0.1996,2.7993799999999998,21.511,0.12300000000000001,1.028,-0.196,-1.13053,0.21802,5.55,0.9740000000000001,184.93,0.157194,0.760123,1.28,1.192,0.230631,0.214775,1.0738299999999998,0,0,0.533333,0.0,18.1,2759,1.0,18.541,0.3144,320.0396095000001,-6.8964788,21.8216,21.4429,21.2341,21.1078,0.722905,3.05967,1,22,2458482.5865509,2458482.5865509,10.3595132827759,0,99723200396764745,99723200397726386,-999.0,21.5367,21.4853,-999.0,0.00541667,7.8539699999999995,99723200397720742,21.6877,20.3368,19.5955,19.2152,0.995208,8.938830000000001,7,390120261,2458257.960961,2458429.6264009997,15,t8_f5_c3,3.50014,11.3209,-7.82074,25.6537,2.2363000000000003e-05,0.053282,865.0,0.097322,4.1808900000000006e-05,-2.874e-05,25.717,0.598,0.249415,31.7885,37.8738,14.4908,11.549000000000001,30.0,,,2018-12-30T02:04:37.998,58482.086122659035,0.0006999999999983686,18.062227905029427,7.043864442129191,5.463317994788127,6.141893003310884,0.18627379644635492,0.03847209497057236
1847847,ZTF18adbllhz,2458482.5914582997,2,728091456115,18.4601,2,728091456115015029,t,29,728,61,390,199.58700000000002,2893.21,320.04067010000006,-6.8971755,18.0738,0.161885,1.3141399999999999,18.2192,0.1763,4.48752,21.511,0.12300000000000001,1.028,-0.196,-1.07855,0.145367,5.29,0.9740000000000001,187.292,0.24092800000000003,0.836973,1.406,1.227,0.265785,0.231947,1.14588,2,0,0.523333,1.0,18.1,2759,1.0,18.2857,0.2404,320.0396095000001,-6.8964788,21.8216,21.4429,21.2341,21.1078,0.722905,4.68357,1,23,2458482.5914582997,2458482.5914582997,10.3396215438843,0,99723200396764745,99723200397726386,-999.0,21.5367,21.4853,-999.0,0.00541667,8.025039999999999,99723200397720742,21.6877,20.3368,19.5955,19.2152,0.995208,9.74991,8,390120261,2458257.960961,2458429.6264009997,15,t8_f5_c3,2.80974,10.555,-7.74529,25.6398,2.13002e-05,0.051891,813.0,0.111454,3.96324e-05,-2.738e-05,25.713,0.606,0.24559099999999998,28.4408,38.6142,14.4908,11.549000000000001,30.0,,,2018-12-30T02:11:41.997,58482.09103005938,-0.026200000000002888,18.062223880337637,7.043332095295518,5.463319374550408,6.141948580024138,0.1863313792685252,0.011576119662361606
1947652,ZTF18adcazrm,2458483.575625,2,729075626015,18.8607,2,729075626015015014,t,14,729,60,390,2617.56,2812.69,320.22623799999997,-6.8758886,17.9921,0.0909916,1.55207,18.3471,0.1878,11.9026,18.68,0.018000000000000002,0.622,0.019,-0.989906,0.354981,3.2,0.983,267.809,0.5136390000000001,1.00878,0.9209999999999999,0.871,0.287813,0.272188,1.05741,3,0,0.69,0.0,18.1,2759,1.0,18.3775,0.2478,320.2262708,-6.8725394,-999.0,-999.0,22.1014,21.4097,0.611,2.05628,1,24,2458483.575625,2458483.575625,17.546949386596697,0,99743202257069579,99743202296339429,-999.0,-999.0,20.3769,20.7683,0.5,12.0727,99743202296829099,-999.0,21.7408,20.4034,19.7219,0.9488120000000001,12.0798,10,390120260,2458257.960961,2458443.6122919996,30,t8_f5_c3,8.768839999999999,18.6171,-9.8483,26.0221,1.26121e-05,0.047942,1239.0,0.093216,1.9399100000000002e-05,-1.477e-05,26.089000000000002,0.6709999999999999,0.265019,12.0072,53.6907,18.6069,13.6247,30.0,,,2018-12-31T01:48:54.000,58483.075196759324,-0.10790000000000077,18.06122588699338,6.934965288416179,5.463595819076688,6.152834885571272,0.18731128262566876,-0.06912588699337974
1948311,ZTF18adcbbbu,2458483.5806366,2,729080636015,19.1538,2,729080636015015006,t,6,729,60,390,2611.1,2809.67,320.22714289999993,-6.8757595,18.0879,0.09636189999999999,1.893,18.0555,0.1085,8.97074,21.842,0.08800000000000001,0.39299999999999996,-0.053,-0.301228,-0.032355,2.86,0.983,270.83099999999996,1.09826,1.14838,0.998,0.8640000000000001,0.348951,0.302098,1.15509,1,0,0.733333,0.0,18.1,2759,1.0,18.0648,0.1401,320.2296686,-6.876050200000001,-999.0,-999.0,22.1014,21.4097,0.611,5.1554400000000005,1,25,2458483.5806366,2458483.5806366,19.5637302398682,0,99743202257069579,99743202296339429,-999.0,-999.0,20.3769,20.7683,0.5,8.87642,99743202296829099,-999.0,21.7408,20.4034,19.7219,0.9488120000000001,8.88678,8,390120260,2458257.960961,2458443.6122919996,30,t8_f5_c3,11.9823,22.7216,-10.7394,26.0019,9.507799999999999e-06,0.04582,1375.0,0.09529299999999999,1.4432e-05,-1.105e-05,26.069000000000003,0.675,0.269414,11.9536,55.1875,18.6069,13.6247,30.0,,,2018-12-31T01:56:07.002,58483.080208359286,-0.012100000000000222,18.06122095484432,6.934416190694583,5.463597225450746,6.152890769864137,0.18736768871243412,0.026679045155681536
1949097,ZTF18adcbdjz,2458483.585625,2,729085626015,19.3504,2,729085626015015009,t,9,729,60,390,2605.61,2806.69,320.2281098,-6.875672200000001,18.1289,0.0885454,2.53255,18.2599,0.1162,5.67299,21.842,0.08800000000000001,0.39299999999999996,-0.053,-0.181377,0.130982,2.65,0.988,273.806,1.0905200000000002,1.16764,0.866,0.8170000000000001,0.326792,0.308302,1.05998,0,0,0.753333,0.0,18.1,2759,1.0,18.3085,0.1556,320.2296686,-6.876050200000001,-999.0,-999.0,20.3769,20.7683,0.5,5.51035,1,26,2458483.585625,2458483.585625,23.5666122436523,0,99743202296339429,99743202296829099,-999.0,21.7408,20.4034,19.7219,0.9488120000000001,5.5267,99743202257069579,-999.0,-999.0,22.1014,21.4097,0.611,8.60317,9,390120260,2458257.960961,2458443.6122919996,30,t8_f5_c3,12.5177,25.484,-12.9663,25.9959,7.6118e-06,0.041477999999999994,1389.0,0.088008,1.15673e-05,-8.85e-06,26.058000000000003,0.6779999999999999,0.26879200000000003,13.0066,57.0905,18.6069,13.6247,30.0,,,2018-12-31T02:03:18.000,58483.08519675909,0.028900000000000148,18.061216038215314,6.933869367688692,5.463598625300734,6.15294641333268,0.1874251047283258,0.06768396178468805
1949785,ZTF18adcbfgq,2458483.590625,2,729090626015,19.4435,2,729090626015015007,t,7,729,60,390,2602.17,2803.24,320.2290433,-6.875547,18.0722,0.0574055,1.42654,18.0927,0.0978,2.84215,21.842,0.08800000000000001,0.39299999999999996,-0.053,-0.746775,0.020509,3.0,0.983,277.264,1.35081,0.966075,0.895,0.852,0.298333,0.284,1.05047,0,0,0.813333,0.0,18.1,2759,1.0,18.1122,0.1274,320.2296686,-6.876050200000001,-999.0,-999.0,20.3769,20.7683,0.5,2.63211,1,27,2458483.590625,2458483.590625,26.446958541870107,0,99743202296339429,99743202296829099,-999.0,21.7408,20.4034,19.7219,0.9488120000000001,2.66833,99753202295192435,21.8091,21.868000000000002,21.8094,20.8911,0.5,8.58173,9,390120260,2458257.960961,2458443.6122919996,30,t8_f5_c3,17.2865,31.4308,-14.1443,25.9872,6.1343e-06,0.040231,1391.0,0.09679,9.3341e-06,-7.14e-06,26.055999999999997,0.675,0.269095,14.6357,58.9549,18.6069,13.6247,30.0,,,2018-12-31T02:10:30.000,58483.090196759455,-0.02780000000000271,18.06121110228304,6.933321000268057,5.463600028392519,6.153002203235056,0.18748387534771016,0.010988897716959656
2014636,ZTF19aaaaafp,2458486.579375,2,732079376015,18.7111,2,732079376015015019,t,19,732,60,390,600.442,2528.37,320.79877210000006,-6.805821400000001,18.1342,0.11078199999999999,0.952411,18.1576,0.1847,5.04934,16.975,0.018000000000000002,0.677,-0.03,-1.21764,0.023389,3.07,0.9840000000000001,552.132,0.553458,1.0335,0.98,0.862,0.319218,0.28078200000000003,1.13689,0,0,0.633333,0.0,18.1,2759,1.0,18.0213,0.209,320.7983003,-6.807162700000001,17.9096,17.042,16.6217,16.409000000000002,0.991458,5.1028199999999995,1,28,2458486.579375,2458486.579375,12.8017683029175,0,99833207983331857,99833207976682215,-999.0,21.1871,21.0706,-999.0,0.5,5.32492,99833208017575651,-999.0,22.1466,22.0344,-999.0,0.546292,12.5948,8,390120260,2458257.960961,2458443.6122919996,30,t8_f5_c3,6.13892,13.9841,-7.845210000000001,26.0112,1.37424e-05,0.048857,1186.0,0.09489700000000001,2.10716e-05,-1.607e-05,26.076999999999998,0.67,0.26497800000000005,5.113230000000001,-999.0,16.9106,-999.0,30.0,,,2019-01-03T01:54:18.000,58486.078946759466,0.034199999999998454,18.05716901048148,6.597428589551353,5.464436301336056,6.185044790295033,0.19069486591238466,0.07703098951851928
2015144,ZTF19aaaabom,2458486.5842823996,2,732084286015,19.0584,2,732084286015015025,t,25,732,60,390,596.295,2522.63,320.7996732,-6.8057270999999995,18.14,0.08861089999999999,1.3590799999999998,18.0722,0.1244,7.03291,16.975,0.018000000000000002,0.677,-0.03,-0.8425459999999999,-0.067789,3.16,0.983,557.873,0.986233,1.0065899999999999,1.024,0.92,0.32405100000000003,0.291139,1.11304,0,0,0.696667,0.0,18.1,2759,1.0,18.1135,0.1657,320.7983003,-6.807162700000001,17.9096,17.042,16.6217,16.409000000000002,0.991458,7.0951,1,29,2458486.5842823996,2458486.5842823996,17.2714252471924,0,99833207983331857,99833207976682215,-999.0,21.1871,21.0706,-999.0,0.5,8.03163,99833208017575651,-999.0,22.1466,22.0344,-999.0,0.546292,9.75985,8,390120260,2458257.960961,2458443.6122919996,30,t8_f5_c3,10.0874,19.7147,-9.62738,25.997,1.20877e-05,0.048673,1332.0,0.09187000000000001,1.8488e-05,-1.411e-05,26.063000000000002,0.6709999999999999,0.267667,7.10952,-999.0,16.9106,-999.0,30.0,,,2019-01-03T02:01:21.999,58486.08385415935,0.03999999999999915,18.057161645053807,6.596873862282812,5.464437670472844,6.185097005577144,0.19075195999580086,0.08283835494619396
2015750,ZTF19aaaadic,2458486.5891898,2,732089186015,19.0606,2,732089186015015020,t,20,732,60,390,591.564,2519.34,320.8005502,-6.8055997999999995,18.0918,0.116797,1.4669,18.1058,0.1137,7.47912,22.671999999999997,0.299,1.246,-0.45,-0.401769,0.014044999999999998,4.35,0.983,561.155,0.9547950000000001,0.820687,1.2109999999999999,1.157,0.278391,0.265977,1.04667,1,0,0.606667,0.0,18.1,2759,1.0,17.9708,0.129,320.8017762,-6.8038821,-999.0,22.1466,22.0344,-999.0,0.546292,7.2281,1,30,2458486.5891898,2458486.5891898,17.624498367309602,0,99833208017575651,99833207983331857,17.9096,17.042,16.6217,16.409000000000002,0.991458,9.77565,99833208032553389,-999.0,21.514,-999.0,21.7433,0.5,10.3849,11,390120260,2458257.960961,2458443.6122919996,30,t8_f5_c3,7.3333699999999995,19.0498,-11.7164,25.9838,1.2798299999999999e-05,0.04924,1281.0,0.094786,1.95296e-05,-1.492e-05,26.051,0.674,0.267032,9.791089999999999,-999.0,16.9106,-999.0,30.0,,,2019-01-03T02:08:25.999,58486.08876155923,-0.008200000000002206,18.057154271081203,6.596318871882515,5.46443903959652,6.185149236221158,0.19081016877016838,0.03464572891879669
2016303,ZTF19aaaafia,2458486.5940972,2,732094096015,19.0264,2,732094096015015016,t,16,732,60,390,584.763,2517.73,320.8015223000001,-6.8055023,18.1849,0.10988699999999998,1.1844299999999999,18.0849,0.11199999999999999,5.82484,22.671999999999997,0.299,1.246,-0.45,-0.00563793,-0.099959,4.14,0.981,562.771,0.9414520000000001,0.8871700000000001,1.271,1.107,0.30700500000000003,0.267391,1.14815,4,0,0.62,0.0,18.1,2759,0.9976959999999999,18.0495,0.1389,320.8017762,-6.8038821,-999.0,22.1466,22.0344,-999.0,0.546292,5.4490099999999995,1,31,2458486.5940972,2458486.5940972,16.369512557983402,0,99833208017575651,99833208032553389,-999.0,21.514,-999.0,21.7433,0.5,7.01083,99833207983331857,17.9096,17.042,16.6217,16.409000000000002,0.991458,12.9324,9,390120260,2458257.960961,2458443.6122919996,30,t8_f5_c3,8.09175,17.4892,-9.3975,25.9549,1.41794e-05,0.052488,1258.0,0.10959300000000001,2.18844e-05,-1.664e-05,26.033,0.6709999999999999,0.263959,12.9482,-999.0,16.9106,-999.0,30.0,,,2019-01-03T02:15:29.998,58486.09366895911,0.08489999999999753,18.057146888050184,6.595763613929563,5.464440408707091,6.185201481366628,0.19086944155813312,0.12775311194981498
4806661,ZTF19aazdlbx,2458646.9417477003,1,892441745315,20.4446,1,892441745315015021,t,21,892,53,445,668.025,1973.73,348.4041516000001,0.4976221,18.5249,0.077727,3.0619099999999997,18.4655,0.0661,6.77683,23.026,0.306,0.83,-0.249,-0.0877406,-0.059428999999999996,2.22,0.981,668.025,1.97911,1.11376,0.7909999999999999,0.743,0.356306,0.334685,1.0646,1,0,0.9985709999999999,0.0,18.0,2759,1.0,18.4628,0.0835,348.4050161,0.4993218,21.3194,-999.0,-999.0,19.5974,0.5,15.3117,1,62,2458646.9417477003,2458646.9417477003,33.171886444091804,0,108603484017971840,108603484012311727,19.0244,17.8945,17.3906,17.1663,1.0,16.2405,108593484081971236,21.7458,-999.0,-999.0,20.0077,0.5,23.5749,4,445120153,2458277.960938,2458351.902384,15,t17_f5_c3,28.943,49.3485,-20.4055,26.0099,1.08471e-05,0.034049,493.0,-0.05407000000000001,1.68255e-05,-1.238e-05,25.976999999999997,0.6509999999999999,0.321465,16.2374,-999.0,17.7568,-999.0,30.0,,,2019-06-12T10:36:07.001,58646.44131945959,0.5248999999999988,18.50861192597183,10.632931639674615,5.501921512257115,5.384294999522622,0.06510730592485661,0.016288074028167898
4852190,ZTF19ababofr,2458652.9579861,2,898457985215,19.3992,1,898457985215015010,t,10,898,52,445,2534.71,1769.71,348.751239,0.5587017,17.7796,0.0605396,4.1971,17.8946,0.0929,9.38884,21.017,0.07200000000000001,1.2409999999999999,0.057,0.719318,0.11500999999999999,2.24,0.987,537.793,1.50457,1.17774,0.731,0.6759999999999999,0.326339,0.301786,1.08136,2,0,0.994286,0.0,18.0,2759,1.0,18.0232,0.1337,348.7487547,0.5596113,21.9608,21.2218,20.9604,20.7598,0.004375,9.46424,1,56,2458652.9579861,2458652.9579861,34.0639228820801,0,108673487487441971,108663487494248312,21.6943,22.0512,21.4441,21.1325,0.13125,10.0517,108673487515326476,-999.0,-999.0,21.916,-999.0,0.91875,16.6041,6,445120252,2458277.920035,2458371.810926,15,t17_f5_c3,22.4314,40.1305,-17.6992,26.0556,1.3243699999999998e-05,0.044605,530.0,0.091774,1.91251e-05,-1.463e-05,26.119,0.687,0.327421,22.4497,-999.0,19.8576,-999.0,30.0,,,2019-06-18T10:59:29.999,58652.45755785937,-0.22040000000000148,17.897770591655114,10.566193334453493,5.503035389457356,5.291426684597252,0.04906668049971962,-0.11817059165511523
4870681,ZTF19abajpvh,2458655.9400231005,2,901440025215,19.4443,1,901440025215015005,t,5,901,52,445,2024.03,1581.57,348.8899521,0.5732116999999999,17.9454,0.0691112,3.25862,17.8613,0.075,3.1042400000000003,22.826,0.29,0.8340000000000001,-0.24,-0.37267100000000003,-0.08405,3.32,0.9740000000000001,1048.47,1.5829799999999998,0.919003,1.036,1.012,0.312048,0.304819,1.02372,1,0,0.958571,0.0,18.0,2759,1.0,17.9273,0.1018,348.88911,0.5734431,-999.0,-999.0,22.0269,-999.0,0.143083,13.7921,1,65,2458655.9400231005,2458655.9400231005,27.8240623474121,0,108693488915892504,108693488861150635,22.128,21.5482,20.7808,20.4935,0.220875,15.4597,108683488939465317,-999.0,-999.0,21.9214,21.3177,0.0,16.5258,5,445120252,2458277.920035,2458371.810926,15,t17_f5_c3,15.0304,31.4189,-16.3885,26.0734,1.43553e-05,0.047333,523.0,0.10205,2.07092e-05,-1.588e-05,26.142,0.6890000000000001,0.324737,51.4454,58.9596,18.2296,13.4141,30.0,0.999999,d6_m7,2019-06-21T10:33:37.996,58655.43959485972,-0.05460000000000065,17.876542268560005,10.496658354716097,5.503579429547487,5.245717971979443,0.04129634779373873,0.0688577314399943
4883433,ZTF19ablfdfr,2458695.9340856,1,941434085415,20.7397,1,941434085415015022,t,22,941,54,445,393.01599999999996,1995.48,348.4940014,-0.3640611,17.9852,0.050943300000000004,18.8029,17.9355,0.0332,3.1067,22.368000000000002,0.225,1.262,-0.07,0.00953199,-0.049738,2.48,0.983,393.01599999999996,2.80418,0.9772290000000001,0.725,0.708,0.29233899999999996,0.285484,1.02401,5,0,0.9814290000000001,0.0,17.6,2759,0.996257,17.9284,0.040999999999999995,348.4935863,-0.36483,-999.0,21.2151,20.6496,20.3843,0.005,3.5333300000000003,1,68,2458695.9340856,2458695.9340856,47.6235466003418,0,107563484935822535,107563484927680570,22.3097,21.9446,21.7036,21.436,0.0371845,10.1728,107553484951237774,22.1702,-999.0,21.9021,-999.0,0.5,18.0316,6,445120154,2458277.960938,2458362.7661,15,t17_f5_c3,59.8608,106.74600000000001,-46.8854,26.1812,9.216e-06,0.032501,460.0,-0.060743,1.44124e-05,-1.056e-05,26.142,0.632,0.319943,27.3262,-999.0,18.875999999999998,-999.0,30.0,1.0,d6_m7,2019-07-31T10:25:04.996,58695.43365735934,0.38519999999999754,18.07741309743256,7.062220464627821,5.510355625823273,4.712460791399562,0.08119880904213549,-0.09221309743256256
4963797,ZTF19ablwsnr,2458697.9141898,2,943414185415,20.46,1,943414185415015027,t,27,943,54,445,818.133,2385.02,348.3684739,-0.4666922000000001,17.4229,0.04259469999999999,4.49665,17.4413,0.0268,12.7882,23.023000000000003,0.33799999999999997,0.759,-0.165,0.0699785,0.018392,2.0,0.983,695.482,3.01873,1.23627,0.7120000000000001,0.628,0.35600000000000004,0.314,1.13376,2,0,0.9814290000000001,0.0,17.6,2759,0.999086,17.4379,0.0331,348.3696224,-0.4632831,20.1604,-999.0,-999.0,-999.0,0.5,18.8318,1,69,2458697.9141898,2458697.9141898,47.5708351135254,0,107443483719225101,107433483654964027,-999.0,21.7378,20.3728,19.7693,0.996667,22.0076,107443483678858380,21.2858,20.1309,19.4487,19.102999999999998,0.9975,23.8997,7,445120254,2458271.94,2458443.608993,29,t17_f5_c3,105.29299999999999,159.859,-54.5662,26.1249,6.229099999999999e-06,0.038228,455.0,0.100006,9.7388e-06,-7.15e-06,26.189,0.624,0.318206,23.9027,80.3814,19.9753,13.8353,30.0,1.0,d6_m7,2019-08-02T09:56:25.999,58697.41376155894,-0.17710000000000292,17.48410087794063,6.773540798271375,5.510665814342683,4.692643089136038,0.08633755160635652,-0.06120087794063167
5064581,ZTF19abbjfrs,2458660.9406366,1,906440635215,19.5261,1,906440635215015042,t,42,906,52,445,1362.01,1595.57,349.0714352,0.5731123,18.2741,0.09262000000000001,3.03119,18.1571,0.1097,8.86625,23.051,0.315,0.828,-0.37,-1.32997,-0.11699200000000001,2.1,0.982,1362.01,1.36903,1.20861,0.74,0.69,0.352381,0.328571,1.07246,3,0,0.9742860000000001,0.0,17.9,2759,0.9855139999999999,18.0876,0.1316,349.0735631,0.5718101,-999.0,21.0502,20.4,19.612000000000002,0.0,29.5631,1,66,2458660.9406366,2458660.9406366,23.4570999145508,0,108683490636764888,-999,-999.0,-999.0,-999.0,-999.0,-999.0,-999.0,-999,-999.0,-999.0,-999.0,-999.0,-999.0,-999.0,1,445120152,2458277.960938,2458351.902384,15,t17_f5_c3,14.28,26.5431,-12.2631,25.6431,2.85075e-05,0.045653,419.0,-0.042697000000000006,5.180979999999999e-05,-3.52e-05,25.619,0.563,0.297611,41.0697,-999.0,16.1808,-999.0,30.0,0.9999969999999999,d6_m7,2019-06-26T10:34:31.002,58660.44020835916,0.3741000000000021,18.409790374082043,10.32384565719006,5.50447970867835,5.169895630311249,0.028316039310244144,-0.1356903740820421
5235626,ZTF19abcuach,2458665.9562847,2,911456285215,20.5083,1,911456285215015013,t,13,911,52,445,964.493,1711.05,349.1874948,0.5408528,17.8473,0.0494148,19.9029,17.8406,0.0365,11.784,15.001,0.018000000000000002,0.7290000000000001,-0.028999999999999998,-0.35319,-0.006729000000000001,1.83,0.983,964.493,2.6677,1.3399,0.674,0.631,0.368306,0.34480900000000003,1.06815,2,0,0.927143,0.0,17.9,2759,0.993324,17.8466,0.046,349.1882895,0.5376312,-999.0,-999.0,21.6424,-999.0,0.5,8.95186,1,67,2458665.9562847,2458665.9562847,38.2032928466797,0,108643491873606603,108643491882785591,15.5835,15.0573,14.8755,14.8284,0.998333,11.9288,108653491837384257,-999.0,21.5638,20.9283,20.519000000000002,0.943667,20.1613,7,445120252,2458277.920035,2458371.810926,15,t17_f5_c3,66.396,104.89399999999999,-38.4976,26.1133,5.6862e-06,0.038238,530.0,0.096974,8.1364e-06,-6.26e-06,26.179000000000002,0.6970000000000001,0.326495,12.0085,-999.0,15.0095,-999.0,30.0,1.0,d6_m7,2019-07-01T10:57:02.998,58665.45585645923,-0.05269999999999797,17.79827015616249,10.077828038606977,5.50536752992222,5.095346516005854,0.017631565549963403,0.04902984383750919
5239325,ZTF19abmkzka,2458698.8790508998,3,944379055415,18.6864,2,944379055415015024,t,24,944,54,445,1058.33,2558.89,348.3041694,-0.5185063,17.1752,0.06138430000000001,3.09354,17.0394,0.09300000000000001,7.68478,22.194000000000003,0.321,0.9520000000000001,-0.5670000000000001,-0.309278,-0.13581,1.75,0.982,521.612,1.6469900000000002,1.34099,0.67,0.621,0.382857,0.35485700000000003,1.0789,3,0,0.9371430000000001,0.0,17.6,2759,0.990132,16.9868,0.1129,348.3060993,-0.5175345,-999.0,22.035,21.107,20.5738,0.6295,12.1575,1,77,2458698.8790508998,2458698.8790508998,24.7722568511963,0,107373483021164941,107383483047844288,16.6952,16.480999999999998,16.428,16.4437,0.993345,18.2593,107373482985786647,-999.0,-999.0,-999.0,19.4069,0.5,20.7519,7,445120354,2458312.8815619997,2458430.713067,15,t17_f5_c3,20.93,32.96,-12.0301,24.3642,1.06149e-05,0.06878200000000001,450.0,0.181207,4.27649e-05,-1.697e-05,24.425,0.271,0.301399,18.2503,27.3193,16.4136,13.9423,30.0,1.0,d6_m7,2019-08-03T09:05:49.998,58698.37862265949,-0.4248000000000012,17.217190523579042,6.629301404191491,5.510816092908917,4.683302271012643,0.08870206634836171,-0.04199052357904165
5383375,ZTF19abdsicx,2458668.9714814997,3,914471485215,19.8882,2,914471485215015059,t,59,914,52,445,828.893,2012.88,349.22491569999994,0.5054356,17.417,0.040024800000000006,3.21434,17.3745,0.0416,8.52028,22.478,0.336,0.426,-0.36,1.53249,-0.042542,1.89,0.978,828.893,2.51373,1.30416,0.75,0.7290000000000001,0.396825,0.385714,1.02881,0,0,0.9885709999999999,0.0,17.9,2759,1.0,17.3129,0.0494,349.2258387,0.5032234,-999.0,21.6847,21.3891,21.0896,0.903458,21.6339,1,69,2458668.9714814997,2458668.9714814997,44.152946472168,0,108593492239369887,108613492217945084,-999.0,21.6473,20.7774,20.288,0.962458,26.8686,108603492185171359,-999.0,-999.0,21.7864,-999.0,0.129744,27.9098,4,445120352,2458319.982164,2458422.78897,15,t17_f5_c3,58.2729,88.4483,-30.1755,25.423000000000002,2.5340000000000002e-06,0.058504999999999995,533.0,0.18756,1.0065599999999999e-05,-4.12e-06,25.480999999999998,0.285,0.290555,29.7572,-999.0,20.0318,-999.0,30.0,0.999999,d6_m7,2019-07-04T11:18:56.002,58668.471053259454,-0.482999999999997,17.51680571827038,9.894143222963159,5.505893928786183,5.051492845836223,0.015353660404908305,-0.09980571827037821
5395276,ZTF19abdqgle,2458668.8706481005,2,914370645215,20.2775,1,914370645215015035,t,35,914,52,445,838.88,1984.29,349.2242642,0.5068125,17.7808,0.046994,3.42425,17.7115,0.0343,3.37751,22.764,0.312,1.078,-0.5489999999999999,-0.050260400000000004,-0.069347,2.53,0.983,838.88,2.56599,1.1360299999999999,0.9520000000000001,0.904,0.376285,0.35731199999999996,1.0531,0,0,0.9914290000000001,0.0,17.9,2759,1.0,17.7002,0.0424,349.2249454,0.5061496,-999.0,21.6473,20.7774,20.288,0.962458,21.3852,1,68,2458668.8706481005,2458668.8706481005,46.596549987793,0,108613492217945084,108593492239369887,-999.0,21.6847,21.3891,21.0896,0.903458,26.3311,108603492185171359,-999.0,-999.0,21.7864,-999.0,0.129744,29.4328,3,445120252,2458277.920035,2458371.810926,15,t17_f5_c3,31.0855,75.0219,-43.9363,26.0378,8.3804e-06,0.042794,534.0,0.10345,1.2046800000000001e-05,-9.24e-06,26.108,0.6890000000000001,0.326922,35.22,-999.0,20.0318,-999.0,30.0,0.999985,d6_m7,2019-07-04T08:53:43.996,58668.370219859775,-0.1191999999999993,17.773571585755413,9.900913686351291,5.505876414034985,5.052957922836824,0.015726217886904436,0.007228414244586645
5531197,ZTF19abesgrl,2458671.9352894,2,917435285215,18.2693,1,917435285215015009,t,9,917,52,445,792.498,2172.94,349.2380369,0.4586839,17.6585,0.138795,1.7349700000000001,17.7752,0.2623,4.90337,22.930999999999997,0.327,0.922,-0.611,-0.35889099999999996,0.11668099999999999,2.1,0.9790000000000001,792.498,0.494123,1.12516,0.621,0.541,0.295714,0.257619,1.1478700000000002,4,0,0.838571,0.0,17.8,2759,1.0,17.619,0.2916,349.238342,0.4573392,-999.0,-999.0,21.6928,21.4311,0.00975,15.359000000000002,1,70,2458671.9352894,2458671.9352894,13.148556709289599,0,108543492384945756,108543492318144469,20.9792,20.4852,20.2428,20.2398,0.00716667,29.5236,108543492412831806,21.873,20.7904,19.4654,18.8569,0.988875,29.5531,3,445120252,2458277.920035,2458371.810926,15,t17_f5_c3,10.6433,15.2488,-4.6055,24.0555,0.00016947900000000002,0.10451300000000001,382.0,0.094358,0.000257885,-0.00019221,24.1345,0.645,0.318887,29.7018,-999.0,20.1206,-999.0,30.0,0.996131,d6_m7,2019-07-07T10:26:49.004,58671.43486115897,-0.14150000000000063,17.746687597177303,9.687282566584134,5.506405990114759,5.009248101857371,0.01807140442436694,-0.08818759717730273
5564933,ZTF19abezhfv,2458672.9507755,3,918450775215,19.9397,2,918450775215015022,t,22,918,52,445,791.721,2230.45,349.23699300000015,0.4398879,17.477,0.05434730000000001,20.6613,17.685,0.0536,1.58556,22.326,0.268,0.32899999999999996,-0.11800000000000001,-0.9396540000000001,0.20804099999999998,1.95,1.0,791.721,2.25474,1.2321,0.619,0.613,0.317436,0.314359,1.00979,5,0,0.958571,0.0,17.8,2759,0.924293,17.7095,0.069,349.23739460000013,0.44007959999999996,-999.0,-999.0,21.7744,21.3758,0.24375,16.325,1,71,2458672.9507755,2458672.9507755,49.892936706543,0,108523492414289519,108533492374734067,20.8879,-999.0,21.4571,20.6248,0.941,17.2355,108533492311433270,22.0516,21.6851,21.5913,21.3832,0.7080420000000001,25.8753,4,445120352,2458319.982164,2458422.78897,15,t17_f5_c3,44.6907,80.6213,-35.9306,25.408,2.3583e-06,0.059317999999999996,534.0,0.18820499999999998,9.2047e-06,-3.78e-06,25.467,0.285,0.295352,34.6467,-999.0,19.4333,-999.0,30.0,0.999994,d6_m7,2019-07-08T10:49:07.003,58672.45034725918,-0.3230000000000004,17.481700467375113,9.610317948611229,5.506580212386656,4.994988975018342,0.019874995064477624,-0.004700467375112538
5676565,ZTF19abfvjfx,2458675.9450116,1,921445015215,20.8297,1,921445015215015026,t,26,921,52,445,875.029,2469.48,349.218136,0.3762176,18.2516,0.0667905,8.6598,18.2751,0.04,3.3504400000000003,23.426,0.359,0.509,-0.35700000000000004,0.020268500000000002,0.023467,2.13,0.961,611.023,2.55465,1.18573,0.8190000000000001,0.735,0.38450700000000004,0.34507,1.11429,1,0,0.9985709999999999,0.0,17.8,2759,1.0,18.2373,0.0481,349.2172567,0.3758652,17.3366,16.6923,16.4235,16.3149,0.9975,13.8506,1,72,2458675.9450116,2458675.9450116,44.906436920165994,0,108453492217683492,108453492234221477,21.5303,20.974,20.3558,20.0524,0.129393,19.1275,108443492207935789,-999.0,22.0374,21.8309,20.9775,0.00333333,20.6498,3,445120152,2458277.960938,2458351.902384,15,t17_f5_c3,44.6632,82.4534,-37.7902,26.1836,1.12757e-05,0.035934,527.0,-0.05829500000000001,1.62548e-05,-1.244e-05,26.145,0.6829999999999999,0.328518,14.0193,-999.0,16.6162,-999.0,30.0,1.0,d6_m7,2019-07-11T10:40:49.002,58675.44458335918,0.4515999999999991,18.281198879997984,9.365621492995881,5.507090277705183,4.953655952058717,0.026545374025805146,-0.02959887999798383
5682762,ZTF19abfzqvm,2458676.9465972,3,922446595215,19.5841,2,922446595215015085,t,85,922,52,445,911.398,2532.92,349.20649330000015,0.352206,17.4779,0.0478424,8.64989,17.499000000000002,0.0611,17.1952,22.112,0.34600000000000003,1.095,-0.434,-1.57475,0.021081,2.05,0.983,547.5840000000001,2.08508,1.1732799999999999,0.675,0.593,0.329268,0.28926799999999997,1.13828,4,0,0.9471430000000001,0.0,17.8,2759,0.988925,17.4549,0.0745,349.2018184,0.3509671,-999.0,-999.0,20.8209,-999.0,0.5,6.05031,1,73,2458676.9465972,2458676.9465972,36.568454742431605,0,108423492078961891,108413492086029866,-999.0,-999.0,22.1328,-999.0,0.5,12.2895,108423492116415437,20.9619,20.1647,19.6484,19.6637,0.0,19.8191,4,445120352,2458319.982164,2458422.78897,15,t17_f5_c3,35.9585,62.9132,-26.9547,25.3909,2.7303e-06,0.058578,533.0,0.187128,1.09254e-05,-4.45e-06,25.451999999999998,0.285,0.289862,49.8146,-999.0,16.0638,-999.0,30.0,0.999724,d6_m7,2019-07-12T10:43:05.998,58676.44616895915,-0.32209999999999894,17.444962047086797,9.277818466254425,5.507259682085033,4.940079281583311,0.029064660044348038,0.03293795291320478
5718579,ZTF19abgivcs,2458678.9390046,1,924439005215,20.3618,1,924439005215015007,t,7,924,52,445,1024.52,2738.73,349.1754478000001,0.3002695,18.2779,0.0696018,12.764000000000001,18.1938,0.057,2.08585,22.906999999999996,0.361,1.3869999999999998,-0.569,0.0206138,-0.084053,2.02,1.0,341.76599999999996,2.16798,1.18418,0.7390000000000001,0.6920000000000001,0.365842,0.342574,1.06792,1,0,0.997143,0.0,17.8,2759,1.0,18.212,0.0736,349.1749127,0.300508,19.156,18.250999999999998,17.8857,17.7474,0.981548,9.750210000000001,1,74,2458678.9390046,2458678.9390046,40.79856491088871,0,108363491733002728,108363491702771794,-999.0,22.0042,21.6701,21.3366,0.0100833,19.1059,108363491804533571,-999.0,21.6775,20.7044,20.1162,0.904,19.8592,5,445120152,2458277.960938,2458351.902384,15,t17_f5_c3,32.1553,53.6619,-21.5066,26.1949,1.2198499999999998e-05,0.035726999999999995,522.0,-0.051653,1.7964e-05,-1.36e-05,26.159000000000002,0.6729999999999999,0.32552600000000004,9.56838,70.615,18.1641,13.7738,30.0,0.999984,d6_m7,2019-07-14T10:32:09.997,58678.438576359316,0.4778999999999982,18.25299359784492,9.094351887238359,5.507594858298324,4.913469106239361,0.03427698818258073,0.024906402155078666
5826121,ZTF19abidcdc,2458688.9182523,2,934418255515,20.0622,1,934418255515015005,t,5,934,55,445,2120.54,877.299,348.8637857,-0.0420994,17.6521,0.061134100000000004,20.7207,17.6783,0.0464,3.2219599999999997,22.557,0.266,1.2329999999999999,-0.203,0.272106,0.02622,2.0,0.9990000000000001,877.299,2.38394,1.20785,0.677,0.597,0.3385,0.2985,1.1340000000000001,7,0,0.9614290000000001,0.0,17.7,2759,0.9330799999999999,17.7275,0.0614,348.8644048999999,-0.0414373,22.3433,21.4391,20.9653,20.7233,0.94575,20.8859,1,61,2458688.9182523,2458688.9182523,48.5653266906738,0,107953488582042112,107953488578416427,-999.0,-999.0,21.6703,21.2271,0.873833,28.7785,-999,-999.0,-999.0,-999.0,-999.0,-999.0,-999.0,2,445120255,2458271.94,2458443.608993,28,t17_f5_c3,32.5341,69.736,-37.2019,26.0961,7.4366e-06,0.041275,529.0,0.102332,1.14935e-05,-8.48e-06,26.162,0.6409999999999999,0.320821,63.5203,-999.0,20.2114,-999.0,30.0,0.9999959999999999,d6_m7,2019-07-24T10:02:16.999,58688.41782405928,-0.0478999999999985,17.582165914448094,8.00054058563226,5.509237287665411,4.789200620336078,0.062003208860758476,0.06993408555190683
5893253,ZTF19abixaee,2458691.838044,3,937338045515,20.0383,2,937338045515015008,t,8,937,55,445,2625.67,1323.21,348.7246861,-0.16808399999999998,17.2444,0.0376315,16.3893,17.2721,0.0358,18.4381,22.385,0.35100000000000003,0.677,-0.237,-0.8129850000000001,0.02768,1.78,0.983,446.832,2.7662400000000003,1.30624,0.649,0.611,0.364607,0.343258,1.06219,5,0,0.987143,0.0,17.6,2759,0.9912110000000001,17.2277,0.0428,348.7238016,-0.1629733,-999.0,-999.0,19.9206,-999.0,0.5,6.02152,1,54,2458691.838044,2458691.838044,43.021488189697294,0,107793487250146742,107793487244971556,-999.0,-999.0,21.8591,-999.0,0.978333,21.6254,107803487241757851,15.5999,15.1777,15.0317,15.0023,0.986125,27.3677,3,445120355,2458319.982164,2458430.713067,15,t17_f5_c3,42.7879,94.0304,-51.2425,25.3784,2.23e-06,0.060779999999999994,536.0,0.19889500000000002,9.447000000000001e-06,-3.7000000000000006e-06,25.436999999999998,0.266,0.287727,27.3687,-999.0,15.1262,-999.0,30.0,0.999468,d6_m7,2019-07-27T08:06:47.002,58691.33761575912,-0.3556000000000026,17.295357252366987,7.626676628933677,5.5097063609851356,4.756090751744109,0.06967727454186827,-0.050957252366988115
5905328,ZTF19abizirv,2458691.9185764,2,937418575515,20.5199,1,937418575515015015,t,15,937,55,445,2630.88,1324.95,348.7203487,-0.1717285,17.4133,0.0330228,5.4355,17.4048,0.0256,15.3271,22.998,0.341,0.9259999999999999,-0.511,-0.186113,-0.00852,1.97,0.986,441.61800000000005,3.11512,1.21156,0.684,0.6629999999999999,0.347208,0.336548,1.03167,0,0,0.997143,0.0,17.6,2759,1.0,17.4368,0.0325,348.7161555,-0.17273210000000006,-999.0,-999.0,21.8591,-999.0,0.978333,17.2795,1,55,2458691.9185764,2458691.9185764,60.1857986450195,0,107793487244971556,107793487250146742,-999.0,-999.0,19.9206,-999.0,0.5,18.3004,107793487145921037,22.3248,-999.0,21.7549,21.4364,0.0,23.4255,4,445120255,2458271.94,2458443.608993,28,t17_f5_c3,108.416,163.013,-54.5968,26.0923,5.8169e-06,0.040693,532.0,0.106841,8.9708e-06,-6.63e-06,26.1615,0.643,0.319835,42.6669,-999.0,15.1262,-999.0,30.0,1.0,d6_m7,2019-07-27T10:02:45.001,58691.418148159064,-0.18670000000000186,17.550364782195953,7.615849942507371,5.509719225005966,4.755192822576135,0.07033725020156241,-0.13706478219595297
5912621,ZTF19abjanzi,2458691.9789468,1,937478945515,20.4857,1,937478945515015006,t,6,937,55,445,2659.54,1329.66,348.7170786000001,-0.174455,18.004,0.060113400000000004,17.686,18.0044,0.0405,4.14418,23.031999999999996,0.36,0.972,-0.501,-0.304408,0.00035800000000000003,2.26,1.0,412.959,2.48125,1.14917,0.764,0.746,0.338053,0.330088,1.02413,0,0,0.994286,0.0,17.6,2759,1.0,18.0223,0.0516,348.7159168,-0.174358,22.3248,-999.0,21.7549,21.4364,0.0,9.31301,1,56,2458691.9789468,2458691.9789468,55.0658988952637,0,107793487145921037,107793487143500867,-999.0,21.4674,21.2678,-999.0,0.5,9.738389999999999,107793487244971556,-999.0,-999.0,21.8591,-999.0,0.978333,26.8502,4,445120155,2458277.960938,2458362.7661,15,t17_f5_c3,42.8646,81.2173,-38.3527,26.155,7.4678e-06,0.029129000000000002,533.0,-0.044839,1.1494e-05,-8.49e-06,26.127,0.6409999999999999,0.322921,55.6981,-999.0,19.9954,-999.0,30.0,0.999999,d6_m7,2019-07-27T11:29:41.004,58691.47851855914,0.4039999999999999,18.120717108056606,7.607707747992693,5.509728865802249,4.7545263003230716,0.0704980105820992,-0.11671710805660496
6133434,ZTF19abkcykj,2458694.8974653,2,940397465415,20.6863,1,940397465415015018,t,18,940,54,445,150.119,1842.42,348.5561956,-0.3123603,17.5349,0.0380296,33.5689,17.7866,0.0357,5.70944,21.717,0.163,1.703,0.299,0.6493680000000001,0.251734,2.03,0.9840000000000001,150.119,2.89975,1.1292,0.654,0.626,0.322167,0.308374,1.04473,2,0,0.9571430000000001,0.0,17.6,2759,1.0,17.3331,0.040999999999999995,348.5551845,-0.31111500000000003,-999.0,14.4059,-999.0,-999.0,0.5,8.29919,1,65,2458694.8974653,2458694.8974653,59.2961082458496,0,107623485582606959,107623485585247088,14.4137,13.4989,13.280999999999999,12.9983,1.0,9.465810000000001,107623485552092232,21.6696,-999.0,20.4687,-999.0,0.5,10.7064,13,445120254,2458271.94,2458443.608993,29,t17_f5_c3,88.7746,153.493,-64.7184,26.1079,5.6638e-06,0.039837,453.0,0.10747999999999999,8.8811e-06,-6.5000000000000004e-06,26.177,0.624,0.319208,9.43168,9.43168,13.4111,13.4111,30.0,0.9962610000000001,d6_m7,2019-07-30T09:32:21.002,58694.39703705908,-0.06510000000000105,17.517917693632807,7.209373387848604,5.510192280094862,4.723174253518368,0.07837579837650743,0.016982306367193445
6138882,ZTF19abkense,2458694.9273727,1,940427375415,20.9221,1,940427375415015022,t,22,940,54,445,159.59799999999998,1838.69,348.5543708,-0.31383540000000004,18.2206,0.05674149999999999,23.3578,18.261,0.0388,4.8695900000000005,21.09,0.08199999999999999,1.4340000000000002,0.213,-0.109581,0.040388,2.22,1.0,159.59799999999998,2.66114,1.07273,0.67,0.655,0.301802,0.295045,1.0229,1,0,0.987143,0.0,17.6,2759,1.0,18.2515,0.0477,348.5547332,-0.3151563,21.4129,21.1138,20.8539,20.8053,0.00333333,5.114719999999999,1,66,2458694.9273727,2458694.9273727,53.37055969238279,0,107623485548352122,107623485545442189,21.584,21.1542,20.8684,20.7774,0.5,5.28514,107623485552092232,21.6696,-999.0,20.4687,-999.0,0.5,5.44024,13,445120154,2458277.960938,2458362.7661,15,t17_f5_c3,61.0454,104.061,-43.0154,26.1946,8.496e-06,0.031866000000000005,455.0,-0.062285,1.3324500000000001e-05,-9.75e-06,26.155,0.622,0.319588,17.7928,17.7928,13.4111,13.4111,30.0,1.0,d6_m7,2019-07-30T10:15:25.001,58694.42694445932,0.6205999999999996,18.0885909499564,7.20509936012762,5.510197001967865,4.722860878502457,0.07852169146655774,0.13200905004359953
6255688,ZTF19abpqtca,2458709.9183448995,3,955418344015,19.1312,2,955418344015015004,t,4,955,40,445,642.744,1266.26,347.431428,-1.1904038000000001,17.2462,0.0461639,3.3419,17.1862,0.0559,13.744000000000002,21.854,0.222,1.035,-0.24,-0.28658,-0.059967999999999994,2.89,0.983,642.744,1.94505,1.023,0.9309999999999999,0.82,0.32214499999999996,0.28373699999999996,1.13537,3,0,0.9085709999999999,0.0,17.4,2759,0.998286,17.1908,0.0714,347.42913960000016,-1.1872869,22.0637,21.1536,20.3742,20.1899,0.001875,15.6218,1,79,2458709.9183448995,2458709.9183448995,25.7043151855469,0,106573474313717196,106573474253053236,-999.0,21.6493,21.075,20.713,0.0,22.0534,106573474371074582,22.2644,21.3682,20.8028,20.4429,0.06308330000000001,22.2542,5,445120340,2458312.8815619997,2458387.79397,15,t17_f5_c3,19.7526,46.0083,-26.2557,25.7412,4.191600000000001e-06,0.056714999999999995,498.0,0.173395,1.81352e-05,-7.000000000000001e-06,25.791999999999998,0.262,0.28683200000000003,-999.0,-999.0,-999.0,-999.0,30.0,0.9999549999999999,d6_m7,2019-08-14T10:02:24.999,58709.41791665881,-0.15379999999999683,17.081683991321686,4.824765693140869,5.512494867417659,4.592219430421442,0.11357843784723527,0.16451600867831573
6265135,ZTF19abprcmj,2458709.9400347,1,955440034015,19.4605,1,955440034015015005,t,5,955,40,445,632.05,1269.8,347.4294202,-1.1918553,17.9181,0.0651705,2.25041,17.7883,0.0884,12.5181,22.91,0.249,0.611,-0.11199999999999999,-0.16255799999999998,-0.129751,1.89,0.9840000000000001,632.05,1.6722099999999998,1.253,0.752,0.727,0.397884,0.384656,1.03439,1,0,0.987143,0.0,17.4,2759,1.0,17.7469,0.109,347.4259416000001,-1.1924008,-999.0,21.6493,21.075,20.713,0.0,17.0865,1,80,2458709.9400347,2458709.9400347,28.890638351440398,0,106573474253053236,106573474313717196,22.0637,21.1536,20.3742,20.1899,0.001875,22.0476,106573474238473479,-999.0,21.2609,20.4064,20.133,0.0,22.3081,5,445120140,2458277.960938,2458351.902384,15,t17_f5_c3,24.8125,36.0369,-11.2244,26.2361,2.10448e-05,0.037617000000000005,401.0,-0.030555000000000002,4.20591e-05,-2.729e-05,26.22,0.5529999999999999,0.281955,-999.0,-999.0,-999.0,-999.0,30.0,0.999994,d6_m7,2019-08-14T10:33:38.998,58709.439606459346,0.5181000000000004,17.908285474073917,4.820919897501858,5.512498092224392,4.592071688606867,0.11355092965347507,0.009814525926081785
6317556,ZTF19abqktnu,2458714.8784028,2,960378404015,19.4576,1,960378404015015009,t,9,960,40,445,2258.31,2484.63,346.96926,-1.5344904,17.1431,0.0419563,19.0101,17.1636,0.0524,10.4618,22.862,0.309,1.102,-0.43200000000000005,1.03811,0.02047,2.01,1.0,595.868,2.2939700000000003,1.12942,0.693,0.608,0.344776,0.30248800000000003,1.1398,1,0,0.9614290000000001,0.0,17.4,2759,1.0,17.1837,0.0681,346.9663728999999,-1.5339143,-999.0,-999.0,-999.0,-999.0,0.5,16.1524,1,81,2458714.8784028,2458714.8784028,47.34818267822271,0,106163469676894079,106163469670374030,-999.0,-999.0,21.3257,20.485,0.938167,16.9342,106163469690987394,-999.0,-999.0,-999.0,-999.0,0.5,25.0826,6,445120240,2458271.94,2458443.608993,26,t17_f5_c3,29.2832,58.2736,-28.9903,26.2631,1.22924e-05,0.049729,493.0,0.121145,1.9241199999999998e-05,-1.409e-05,26.343000000000004,0.628,0.31992,71.5869,-999.0,19.2513,-999.0,30.0,0.999964,d6_m7,2019-08-19T09:04:54.002,58714.377974559095,-0.25689999999999813,17.26911659904201,3.935987023641288,5.513224794081538,4.561475819894407,0.1225423953690183,-0.12601659904201057
6322501,ZTF19abqmevy,2458714.9739931,1,960473994015,19.205,1,960473994015015005,t,5,960,40,445,2283.65,2502.08,346.9597353000001,-1.5413608,17.7801,0.07849099999999999,2.61394,17.7038,0.0965,8.89974,23.115,0.303,0.6990000000000001,0.239,-0.237616,-0.07633200000000001,2.26,0.9840000000000001,578.423,1.50119,1.12195,0.8320000000000001,0.747,0.368142,0.330531,1.11379,2,0,0.982857,0.0,17.4,2759,1.0,17.7542,0.1295,346.9616083,-1.5430271999999998,-999.0,21.8984,21.2075,20.8151,0.819708,7.3162899999999995,1,82,2458714.9739931,2458714.9739931,27.2401828765869,0,106143469596518250,106153469536685367,-999.0,21.4743,20.4864,20.0452,0.8985,25.5922,-999,-999.0,-999.0,-999.0,-999.0,-999.0,-999.0,2,445120140,2458277.960938,2458351.902384,15,t17_f5_c3,18.6282,30.4783,-11.8501,26.1641,2.44325e-05,0.035579,342.0,-0.011404000000000001,5.3294499999999996e-05,-3.326e-05,26.156,0.54,0.26259899999999997,37.2581,-999.0,19.2513,-999.0,30.0,0.9999979999999999,d6_m7,2019-08-19T11:22:33.004,58714.47356485902,0.3801000000000023,17.838731469543603,3.91825818013854,5.513238712657954,4.560955161313988,0.12228864035567168,-0.05863146954360232
6423622,ZTF19abrbpyf,2458717.8302083,2,963330204215,20.2052,1,963330204215015001,t,1,963,42,445,218.679,130.31799999999998,346.6776564,-1.7498256999999997,17.3215,0.0398089,31.1163,17.3424,0.0318,10.3237,20.255,0.042,1.1840000000000002,-0.106,0.16350399999999998,0.020915,1.8,0.997,130.31799999999998,2.86282,1.28264,0.6579999999999999,0.631,0.365556,0.350556,1.0427899999999999,1,0,0.962857,0.0,17.3,2759,1.0,17.3296,0.0395,346.6748703,-1.7506551,21.5019,20.3825,19.2265,18.7333,0.996667,10.4769,1,68,2458717.8302083,2458717.8302083,63.172721862793,0,105893466748319685,105893466835089588,20.3722,18.5564,-999.0,-999.0,0.5,21.1242,105903466710100244,-999.0,21.7086,21.3181,-999.0,0.433101,23.7552,3,445120242,2458271.94,2458434.687928,26,t17_f5_c3,58.0467,107.944,-49.8973,26.2355,7.838099999999999e-06,0.041268,506.0,0.107806,1.161e-05,-8.82e-06,26.309,0.696,0.311985,10.4728,-999.0,19.8672,-999.0,30.0,1.0,d6_m7,2019-08-22T07:55:29.997,58717.329780058935,0.02149999999999963,17.22520357196001,3.3895896658630087,5.513652002957839,4.546392542212699,0.127036578690099,0.09629642803999161
6571970,ZTF19absnjsi,2458721.8137269,2,967313724215,18.4059,1,967313724215015026,t,26,967,42,445,1671.8,1237.05,346.2677972,-2.0512804,17.1124,0.0729661,1.8568099999999998,17.2276,0.14,14.3948,17.185,0.015,0.321,-0.034,-0.0465746,0.115183,1.78,0.983,1237.05,1.17828,1.33043,0.6559999999999999,0.5820000000000001,0.368539,0.326966,1.12715,3,0,0.865714,0.0,17.3,2759,0.985498,17.128,0.1635,346.2658211000001,-2.0477442,18.0845,17.2491,16.8953,16.7243,1.0,14.5805,1,80,2458721.8137269,2458721.8137269,23.3954181671143,0,105543462657843146,105533462719625630,21.8235,21.6451,-999.0,21.6774,0.5,18.3131,105533462721155146,-999.0,21.669,21.4608,21.256999999999998,0.0,19.3361,8,445120242,2458271.94,2458434.687928,26,t17_f5_c3,22.1146,30.5686,-8.45402,24.5404,0.000147505,0.099424,400.0,0.129248,0.00023072099999999998,-0.00017089,24.6365,0.6579999999999999,0.301157,14.5718,-999.0,17.1551,-999.0,30.0,0.999818,d6_m7,2019-08-26T07:31:46.004,58721.31329865893,-0.18759999999999977,17.16123004389449,2.637215429384657,5.5142200263404275,4.529981030665544,0.13217555289375665,-0.048830043894490416
